1,2020-10,2020-10-01,"木",118,43,21,5,3,1,2,8,35
2,2020-10,2020-10-02,"金",185,53,32,18,40,4,6,3,29
3,2020-10,2020-10-03,"土",147,47,23,23,20,0,2,3,29
4,2020-10,2020-10-04,"日",123,45,35,12,5,0,0,5,21
5,2020-10,2020-10-05,"月",100,49,10,3,10,0,0,3,25
6,2020-10,2020-10-06,"火",162,45,15,7,50,0,2,8,35
7,2020-10,2020-10-07,"水",124,51,24,2,4,0,4,4,35
8,2020-10,2020-10-08,"木",101,37,19,27,0,0,0,3,15
9,2020-10,2020-10-09,"金",292,83,80,8,24,7,9,5,76
10,2020-10,2020-10-10,"土",81,21,9,5,37,0,0,1,8
11,2020-10,2020-10-11,"日",152,56,14,13,16,1,8,6,38
12,2020-10,2020-10-12,"月",77,42,14,6,2,0,0,4,9
13,2020-10,2020-10-13,"火",66,38,2,12,1,0,0,1,12
14,2020-10,2020-10-14,"水",108,40,10,9,10,0,2,1,36
15,2020-10,2020-10-15,"木",70,30,15,3,0,0,3,4,15
16,2020-10,2020-10-16,"金",97,41,17,1,21,0,0,2,15
17,2020-10,2020-10-17,"土",45,38,1,0,0,0,2,1,3
18,2020-10,2020-10-18,"日",113,46,17,22,3,0,0,3,22
19,2020-10,2020-10-19,"月",60,32,1,2,3,0,0,3,19
20,2020-10,2020-10-20,"火",87,32,9,8,11,0,0,2,25
21,2020-10,2020-10-21,"水",147,55,32,24,0,0,0,6,30
22,2020-09,2020-09-01,"火",46,24,16,2,0,1,2,0,1
23,2020-09,2020-09-02,"水",198,55,35,0,83,2,10,2,11
24,2020-09,2020-09-03,"木",201,63,65,24,31,4,8,0,6
25,2020-09,2020-09-04,"金",79,45,13,8,4,0,5,2,2
26,2020-09,2020-09-05,"土",130,36,28,10,21,2,12,3,18
27,2020-09,2020-09-06,"日",130,43,51,12,10,0,2,3,9
28,2020-09,2020-09-07,"月",55,19,8,5,0,1,4,4,14
29,2020-09,2020-09-08,"火",124,31,14,19,23,0,2,9,26
30,2020-09,2020-09-09,"水",101,36,14,15,12,1,2,1,20
31,2020-09,2020-09-10,"木",76,29,6,21,3,0,1,2,14
32,2020-09,2020-09-11,"金",79,38,8,14,5,3,3,2,6
33,2020-09,2020-09-12,"土",59,36,0,4,2,0,4,0,13
34,2020-09,2020-09-13,"日",75,27,13,9,3,2,0,7,14
35,2020-09,2020-09-14,"月",71,27,18,3,1,0,1,3,18
36,2020-09,2020-09-15,"火",249,64,58,15,24,1,0,1,86
37,2020-09,2020-09-16,"水",91,38,9,23,7,1,4,0,9
38,2020-09,2020-09-17,"木",167,47,31,8,49,2,2,2,26
39,2020-09,2020-09-18,"金",128,46,19,10,10,0,4,3,36
40,2020-09,2020-09-19,"土",130,37,14,13,0,0,9,3,54
41,2020-09,2020-09-20,"日",144,47,45,16,7,0,1,0,28
42,2020-09,2020-09-21,"月",50,24,4,8,4,0,0,3,7
43,2020-09,2020-09-22,"火",91,33,11,9,0,1,8,2,27
44,2020-09,2020-09-23,"水",130,36,17,16,5,0,8,5,43
45,2020-09,2020-09-24,"木",124,54,4,8,40,4,2,2,10
46,2020-09,2020-09-25,"金",91,36,17,5,10,0,9,0,14
47,2020-09,2020-09-26,"土",46,24,0,5,7,0,0,2,8
48,2020-09,2020-09-27,"日",108,40,20,20,1,0,4,3,20
49,2020-09,2020-09-28,"月",58,25,14,0,1,0,0,1,17
50,2020-09,2020-09-29,"火",84,25,8,13,23,0,0,1,14
51,2020-09,2020-09-30,"水",78,30,25,6,0,1,2,0,14
52,2020-07,2020-07-01,"水",210,74,47,13,54,6,6,1,9
53,2020-07,2020-07-02,"木",402,91,96,28,141,0,15,7,24
54,2020-07,2020-07-03,"金",384,106,84,52,105,2,1,9,25
55,2020-07,2020-07-04,"土",343,81,62,17,131,4,28,6,14
56,2020-07,2020-07-05,"日",358,73,61,20,134,2,26,5,37
57,2020-07,2020-07-06,"月",316,53,103,12,112,1,12,8,15
58,2020-07,2020-07-07,"火",198,57,62,12,17,2,3,2,43
59,2020-07,2020-07-08,"水",245,85,84,23,14,4,16,2,17
60,2020-07,2020-07-09,"木",206,74,48,18,29,0,7,4,26
61,2020-07,2020-07-10,"金",289,75,57,47,95,1,4,1,9
62,2020-07,2020-07-11,"土",330,86,63,22,116,2,28,1,12
63,2020-07,2020-07-12,"日",284,62,22,18,178,0,2,0,2
64,2020-07,2020-07-13,"月",242,71,42,23,88,4,1,4,9
65,2020-07,2020-07-14,"火",231,64,68,13,63,2,10,1,10
66,2020-07,2020-07-15,"水",299,78,106,38,40,1,0,5,31
67,2020-07,2020-07-16,"木",204,60,47,8,53,5,5,4,22
68,2020-07,2020-07-17,"金",113,38,30,4,32,2,2,1,4
69,2020-07,2020-07-18,"土",170,61,32,10,48,1,13,2,3
70,2020-07,2020-07-19,"日",200,65,27,24,69,1,0,3,11
71,2020-07,2020-07-20,"月",202,50,76,9,49,4,2,1,11
72,2020-07,2020-07-21,"火",150,59,25,14,38,1,2,1,10
73,2020-07,2020-07-22,"水",318,83,54,15,139,3,8,3,13
74,2020-07,2020-07-23,"木",251,68,39,11,85,2,4,1,41
75,2020-07,2020-07-24,"金",337,90,78,17,99,5,3,4,41
76,2020-07,2020-07-25,"土",249,72,77,11,47,0,16,4,22
77,2020-07,2020-07-26,"日",164,48,32,10,41,0,15,4,14
78,2020-07,2020-07-27,"月",117,33,22,11,49,0,0,1,1
79,2020-07,2020-07-28,"火",207,61,65,22,36,0,4,5,14
80,2020-07,2020-07-29,"水",121,36,27,11,26,0,10,3,8
81,2020-07,2020-07-30,"木",244,81,76,18,44,1,4,6,14
82,2020-07,2020-07-31,"金",99,42,28,3,14,0,2,1,9
83,2020-08,2020-08-01,"土",151,42,42,11,20,0,10,0,26
84,2020-08,2020-08-02,"日",217,60,29,19,91,3,4,2,9
85,2020-08,2020-08-03,"月",166,52,41,16,46,1,5,0,5
86,2020-08,2020-08-04,"火",194,44,53,22,54,0,3,3,15
87,2020-08,2020-08-05,"水",142,37,63,6,16,1,6,0,13
88,2020-08,2020-08-06,"木",149,36,37,12,55,0,0,0,9
89,2020-08,2020-08-07,"金",122,42,35,3,34,0,6,2,0
90,2020-08,2020-08-08,"土",117,30,46,5,0,0,2,0,34
91,2020-08,2020-08-09,"日",182,25,42,7,98,0,6,4,0
92,2020-08,2020-08-10,"月",26,12,9,2,0,0,0,0,3
93,2020-08,2020-08-11,"火",61,21,25,3,1,0,1,1,9
94,2020-08,2020-08-12,"水",146,44,72,7,1,0,11,2,9
95,2020-08,2020-08-13,"木",106,20,18,5,56,0,6,1,0
96,2020-08,2020-08-14,"金",140,34,19,6,57,2,2,2,18
97,2020-08,2020-08-15,"土",58,29,23,1,2,0,2,0,1
98,2020-08,2020-08-16,"日",169,48,47,12,32,2,24,2,2
99,2020-08,2020-08-17,"月",100,27,10,15,24,0,5,4,15
100,2020-08,2020-08-18,"火",131,33,48,7,34,1,2,2,4
101,2020-08,2020-08-19,"水",149,30,37,6,70,0,0,0,6
102,2020-08,2020-08-20,"木",164,38,69,7,44,0,2,0,4
103,2020-08,2020-08-21,"金",111,29,31,9,32,0,2,4,4
104,2020-08,2020-08-22,"土",184,29,37,19,49,2,11,4,33
105,2020-08,2020-08-23,"日",103,22,14,11,53,0,0,2,1
106,2020-08,2020-08-24,"月",152,34,52,7,44,1,0,2,12
107,2020-08,2020-08-25,"火",221,46,52,8,100,0,6,0,9
108,2020-08,2020-08-26,"水",124,26,45,0,49,1,0,2,1
109,2020-08,2020-08-27,"木",150,30,97,0,20,2,0,0,1
110,2020-08,2020-08-28,"金",119,24,11,10,69,1,0,3,1
111,2020-08,2020-08-29,"土",59,20,25,5,8,0,0,1,0
112,2020-08,2020-08-30,"日",109,21,53,7,25,0,2,1,0
113,2020-08,2020-08-31,"月",32,13,18,0,0,0,0,0,1
114,2020-06,2020-06-01,"月",57,13,11,4,25,1,0,2,1
115,2020-06,2020-06-02,"火",90,20,4,3,32,0,5,0,26
116,2020-06,2020-06-03,"水",25,12,4,6,0,0,0,0,3
117,2020-06,2020-06-04,"木",28,12,1,0,14,0,0,0,1
118,2020-06,2020-06-05,"金",23,12,3,0,5,0,0,0,3
119,2020-06,2020-06-06,"土",41,8,21,1,5,0,0,2,4
120,2020-06,2020-06-07,"日",42,14,12,4,8,1,0,0,3
121,2020-06,2020-06-08,"月",121,38,62,5,5,3,1,0,7
122,2020-06,2020-06-09,"火",120,29,35,39,14,1,1,0,1
123,2020-06,2020-06-10,"水",132,30,62,4,15,4,4,0,13
124,2020-06,2020-06-11,"木",60,14,10,7,13,1,0,2,13
125,2020-06,2020-06-12,"金",129,36,38,20,21,0,6,4,4
126,2020-06,2020-06-13,"土",103,28,22,16,23,2,3,1,8
127,2020-06,2020-06-14,"日",76,13,12,3,30,0,0,3,15
128,2020-06,2020-06-15,"月",114,25,14,9,58,0,2,2,4
129,2020-06,2020-06-16,"火",67,14,28,0,21,2,2,0,0
130,2020-06,2020-06-17,"水",130,38,60,10,12,1,5,4,0
131,2020-06,2020-06-18,"木",111,27,35,2,30,2,5,2,8
132,2020-06,2020-06-19,"金",86,26,20,11,18,0,6,3,2
133,2020-06,2020-06-20,"土",152,50,34,16,41,0,0,1,10
134,2020-06,2020-06-21,"日",105,38,30,6,17,1,6,6,1
135,2020-06,2020-06-22,"月",99,41,45,3,3,0,3,0,4
136,2020-06,2020-06-23,"火",234,50,82,7,77,5,6,1,6
137,2020-06,2020-06-24,"水",50,25,11,6,2,0,5,0,1
138,2020-06,2020-06-25,"木",146,53,39,8,32,1,5,3,5
139,2020-06,2020-06-26,"金",163,42,66,8,19,0,5,2,21
140,2020-06,2020-06-27,"土",107,32,58,5,5,0,5,1,1
141,2020-06,2020-06-28,"日",179,37,77,10,50,0,0,0,5
142,2020-06,2020-06-29,"月",156,41,33,10,51,4,10,2,5
143,2020-06,2020-06-30,"火",181,45,48,23,42,6,6,6,5
144,2020-05,2020-05-01,"金",13,3,8,0,0,0,2,0,0
145,2020-05,2020-05-02,"土",6,2,1,0,0,0,3,0,0
146,2020-05,2020-05-03,"日",2,1,1,0,0,0,0,0,0
147,2020-05,2020-05-04,"月",28,4,3,0,21,0,0,0,0
148,2020-05,2020-05-05,"火",5,3,1,1,0,0,0,0,0
149,2020-05,2020-05-06,"水",38,8,24,3,2,0,1,0,0
150,2020-05,2020-05-07,"木",9,4,2,1,0,0,2,0,0
151,2020-05,2020-05-08,"金",3,2,0,0,0,0,0,0,1
152,2020-05,2020-05-09,"土",5,5,0,0,0,0,0,0,0
153,2020-05,2020-05-10,"日",17,3,11,2,0,0,0,0,1
154,2020-05,2020-05-11,"月",0,0,0,0,0,0,0,0,0
155,2020-05,2020-05-12,"火",9,4,4,0,0,0,0,0,1
156,2020-05,2020-05-13,"水",54,13,18,2,10,0,5,0,6
157,2020-05,2020-05-14,"木",14,7,1,6,0,0,0,0,0
158,2020-05,2020-05-15,"金",1,1,0,0,0,0,0,0,0
159,2020-05,2020-05-16,"土",56,6,9,7,34,0,0,0,0
160,2020-05,2020-05-17,"日",24,4,0,3,17,0,0,0,0
161,2020-05,2020-05-18,"月",28,4,17,0,0,0,2,0,5
162,2020-05,2020-05-19,"火",26,8,13,2,3,0,0,0,0
163,2020-05,2020-05-20,"水",10,4,0,2,3,0,0,0,1
164,2020-05,2020-05-21,"木",10,3,3,0,4,0,0,0,0
165,2020-05,2020-05-22,"金",5,2,3,0,0,0,0,0,0
166,2020-05,2020-05-23,"土",34,11,12,2,1,1,3,2,2
167,2020-05,2020-05-24,"日",42,13,13,2,9,0,5,0,0
168,2020-05,2020-05-25,"月",28,13,6,2,1,0,1,0,5
169,2020-05,2020-05-26,"火",190,31,34,9,99,0,6,1,10
170,2020-05,2020-05-27,"水",64,24,23,3,0,2,0,0,12
171,2020-05,2020-05-28,"木",129,18,14,10,78,0,2,1,6
172,2020-05,2020-05-29,"金",78,21,15,1,25,0,15,1,0
173,2020-05,2020-05-30,"土",21,10,6,0,4,0,0,0,1
174,2020-05,2020-05-31,"日",34,10,11,2,5,0,4,0,2
175,2020-04,2020-04-01,"水",96,14,19,3,50,2,6,0,2
176,2020-04,2020-04-02,"木",14,8,6,0,0,0,0,0,0
177,2020-04,2020-04-03,"金",33,13,14,0,0,0,4,0,2
178,2020-04,2020-04-04,"土",9,1,0,0,3,0,1,0,4
179,2020-04,2020-04-05,"日",26,6,1,16,2,0,1,0,0
180,2020-04,2020-04-06,"月",18,4,7,6,0,0,0,0,1
181,2020-04,2020-04-07,"火",23,3,18,0,1,0,0,0,1
182,2020-04,2020-04-08,"水",0,0,0,0,0,0,0,0,0
183,2020-04,2020-04-09,"木",2,2,0,0,0,0,0,0,0
184,2020-04,2020-04-10,"金",0,0,0,0,0,0,0,0,0
185,2020-04,2020-04-11,"土",18,3,3,10,0,0,0,0,2
186,2020-04,2020-04-12,"日",6,6,0,0,0,0,0,0,0
187,2020-04,2020-04-13,"月",5,3,2,0,0,0,0,0,0
188,2020-04,2020-04-14,"火",2,1,0,0,0,0,0,0,1
189,2020-04,2020-04-15,"水",10,4,5,0,0,0,0,0,1
190,2020-04,2020-04-16,"木",3,2,0,0,0,0,0,0,1
191,2020-04,2020-04-17,"金",5,5,0,0,0,0,0,0,0
192,2020-04,2020-04-18,"土",81,9,0,5,66,0,0,1,0
193,2020-04,2020-04-19,"日",34,9,5,6,0,0,3,0,11
194,2020-04,2020-04-20,"月",7,6,0,0,0,1,0,0,0
195,2020-04,2020-04-21,"火",25,4,6,11,4,0,0,0,0
196,2020-04,2020-04-22,"水",21,3,8,2,1,0,1,0,6
197,2020-04,2020-04-23,"木",2,1,0,0,0,0,0,1,0
198,2020-04,2020-04-24,"金",0,0,0,0,0,0,0,0,0
199,2020-04,2020-04-25,"土",11,4,0,0,7,0,0,0,0
200,2020-04,2020-04-26,"日",11,6,1,3,0,0,0,0,1
201,2020-04,2020-04-27,"月",38,10,7,15,2,0,2,0,2
202,2020-04,2020-04-28,"火",5,3,0,0,0,0,2,0,0
203,2020-04,2020-04-29,"水",17,4,4,2,2,1,2,1,1
204,2020-04,2020-04-30,"木",29,7,18,3,0,0,1,0,0
205,2020-03,2020-03-01,"日",54,20,16,8,5,0,5,0,0
206,2020-03,2020-03-02,"月",185,65,76,5,16,1,4,5,13
207,2020-03,2020-03-03,"火",196,84,63,18,8,1,6,3,13
208,2020-03,2020-03-04,"水",321,72,57,15,154,1,4,11,7
209,2020-03,2020-03-05,"木",225,77,91,24,21,0,4,2,6
210,2020-03,2020-03-06,"金",187,75,60,22,6,7,0,2,15
211,2020-03,2020-03-07,"土",410,103,124,21,113,3,18,2,26
212,2020-03,2020-03-08,"日",210,59,46,53,23,2,8,1,18
213,2020-03,2020-03-09,"月",247,101,67,22,36,3,12,2,4
214,2020-03,2020-03-10,"火",370,96,121,25,99,1,10,3,15
215,2020-03,2020-03-11,"水",193,79,37,2,55,7,7,0,6
216,2020-03,2020-03-12,"木",258,63,21,27,124,1,1,3,18
217,2020-03,2020-03-13,"金",129,46,33,2,26,2,8,0,12
218,2020-03,2020-03-14,"土",84,27,32,5,0,2,8,0,10
219,2020-03,2020-03-15,"日",160,42,40,21,40,0,2,3,12
220,2020-03,2020-03-16,"月",223,43,122,16,30,0,2,0,10
221,2020-03,2020-03-17,"火",197,50,70,23,28,1,6,3,16
222,2020-03,2020-03-18,"水",209,68,38,30,34,3,7,5,24
223,2020-03,2020-03-19,"木",155,51,31,11,45,0,10,2,5
224,2020-03,2020-03-20,"金",210,39,64,11,75,0,5,14,2
225,2020-03,2020-03-21,"土",96,32,34,23,0,2,0,1,4
226,2020-03,2020-03-22,"日",252,57,84,19,81,0,2,0,9
227,2020-03,2020-03-23,"月",104,33,32,14,15,0,0,2,8
228,2020-03,2020-03-24,"火",87,23,21,12,17,4,0,1,9
229,2020-03,2020-03-25,"水",132,45,48,0,21,4,6,1,7
230,2020-03,2020-03-26,"木",124,23,23,18,36,0,10,6,8
231,2020-03,2020-03-27,"金",91,18,45,1,8,0,4,0,15
232,2020-03,2020-03-28,"土",39,17,16,2,0,1,2,0,1
233,2020-03,2020-03-29,"日",84,15,30,0,21,1,4,2,11
234,2020-03,2020-03-30,"月",52,14,21,0,12,0,4,1,0
235,2020-03,2020-03-31,"火",62,12,30,8,9,0,2,1,0
236,2020-02,2020-02-01,"土",304,77,82,44,38,11,8,3,41
237,2020-02,2020-02-02,"日",302,47,94,27,105,6,4,4,15
238,2020-02,2020-02-03,"月",211,51,110,38,2,0,4,2,4
239,2020-02,2020-02-04,"火",284,64,89,41,45,3,16,1,25
240,2020-02,2020-02-05,"水",147,47,54,23,5,1,10,1,6
241,2020-02,2020-02-06,"木",185,42,99,12,15,0,2,1,14
242,2020-02,2020-02-07,"金",121,35,48,11,7,0,14,3,3
243,2020-02,2020-02-08,"土",258,50,100,18,53,1,16,11,9
244,2020-02,2020-02-09,"日",331,69,68,65,66,8,20,7,28
245,2020-02,2020-02-10,"月",217,57,68,25,39,0,20,1,7
246,2020-02,2020-02-11,"火",248,65,89,31,23,6,9,3,22
247,2020-02,2020-02-12,"水",297,91,54,57,48,2,24,7,14
248,2020-02,2020-02-13,"木",165,49,48,3,44,1,4,0,16
249,2020-02,2020-02-14,"金",327,60,108,41,99,2,5,3,9
250,2020-02,2020-02-15,"土",174,37,99,12,6,0,4,6,10
251,2020-02,2020-02-16,"日",374,88,103,49,102,0,17,6,9
252,2020-02,2020-02-17,"月",198,57,80,34,8,0,9,2,8
253,2020-02,2020-02-18,"火",210,57,93,29,3,2,14,3,9
254,2020-02,2020-02-19,"水",145,37,67,12,19,0,6,3,1
255,2020-02,2020-02-20,"木",395,115,69,37,138,7,8,2,19
256,2020-02,2020-02-21,"金",191,54,52,38,15,4,20,2,6
257,2020-02,2020-02-22,"土",218,50,100,13,22,3,24,3,3
258,2020-02,2020-02-23,"日",264,52,52,27,86,1,9,3,34
259,2020-02,2020-02-24,"月",162,34,43,39,35,0,0,2,9
260,2020-02,2020-02-25,"火",301,65,94,76,38,5,12,3,8
261,2020-02,2020-02-26,"水",150,53,30,36,9,0,6,0,16
262,2020-02,2020-02-27,"木",113,37,21,19,11,0,8,1,16
263,2020-02,2020-02-28,"金",67,16,20,5,26,0,0,0,0
264,2020-02,2020-02-29,"土",77,26,12,15,17,0,5,0,2
265,2020-01,2020-01-01,"水",70,23,12,22,1,0,4,0,8
266,2020-01,2020-01-02,"木",67,21,15,2,8,0,0,0,21
267,2020-01,2020-01-03,"金",175,36,35,4,51,0,20,1,28
268,2020-01,2020-01-04,"土",143,41,16,16,10,0,39,2,19
269,2020-01,2020-01-05,"日",140,28,46,9,31,0,9,1,16
270,2020-01,2020-01-06,"月",270,44,72,18,76,4,4,6,46
271,2020-01,2020-01-07,"火",136,38,30,30,19,4,4,3,8
272,2020-01,2020-01-08,"水",220,49,78,30,40,5,10,3,5
273,2020-01,2020-01-09,"木",231,58,76,27,30,3,15,2,20
274,2020-01,2020-01-10,"金",129,32,25,16,39,2,2,2,11
275,2020-01,2020-01-11,"土",336,51,76,44,136,0,15,4,10
276,2020-01,2020-01-12,"日",252,42,62,23,101,1,8,0,15
277,2020-01,2020-01-13,"月",330,41,140,63,55,5,6,0,20
278,2020-01,2020-01-14,"火",117,21,36,40,1,0,6,2,11
279,2020-01,2020-01-15,"水",328,34,43,32,197,1,6,9,6
280,2020-01,2020-01-16,"木",131,31,57,18,3,0,4,1,17
281,2020-01,2020-01-17,"金",168,43,73,14,31,0,0,1,6
282,2020-01,2020-01-18,"土",211,51,96,19,24,0,5,3,13
283,2020-01,2020-01-19,"日",258,35,25,23,167,1,4,0,3
284,2020-01,2020-01-20,"月",313,52,91,43,114,0,4,4,5
285,2020-01,2020-01-21,"火",266,51,47,33,111,1,6,2,15
286,2020-01,2020-01-22,"水",354,64,67,17,166,4,25,0,11
287,2020-01,2020-01-23,"木",247,51,62,87,13,2,0,1,31
288,2020-01,2020-01-24,"金",133,46,42,5,13,6,15,0,6
289,2020-01,2020-01-25,"土",171,39,27,28,50,2,1,0,24
290,2020-01,2020-01-26,"日",309,66,109,24,75,1,6,5,23
291,2020-01,2020-01-27,"月",139,27,19,31,47,2,2,3,8
292,2020-01,2020-01-28,"火",210,47,90,39,21,0,4,4,5
293,2020-01,2020-01-29,"水",271,54,60,32,99,1,15,0,10
294,2020-01,2020-01-30,"木",229,41,99,22,18,3,18,0,28
295,2020-01,2020-01-31,"金",302,59,43,66,75,1,49,2,7
296,2019-12,2019-12-01,"日",175,44,35,13,35,1,7,1,39
297,2019-12,2019-12-02,"月",368,81,96,25,102,3,12,4,45
298,2019-12,2019-12-03,"火",151,26,31,12,32,0,4,0,46
299,2019-12,2019-12-04,"水",260,59,36,29,94,2,16,2,22
300,2019-12,2019-12-05,"木",339,82,89,46,61,0,8,6,47
301,2019-12,2019-12-06,"金",370,73,80,10,92,3,9,3,100
302,2019-12,2019-12-07,"土",352,75,71,10,123,2,19,2,50
303,2019-12,2019-12-08,"日",402,80,77,38,147,1,11,2,46
304,2019-12,2019-12-09,"月",276,58,76,36,54,0,8,1,43
305,2019-12,2019-12-10,"火",374,85,105,23,73,5,5,0,78
306,2019-12,2019-12-11,"水",522,93,185,85,82,2,12,6,57
307,2019-12,2019-12-12,"木",517,109,117,82,162,3,16,5,23
308,2019-12,2019-12-13,"金",490,132,112,57,94,3,40,2,50
309,2019-12,2019-12-14,"土",311,66,44,27,68,4,25,2,75
310,2019-12,2019-12-15,"日",273,56,104,44,19,4,20,4,22
311,2019-12,2019-12-16,"月",245,53,49,21,50,0,4,0,68
312,2019-12,2019-12-17,"火",316,91,107,40,32,2,14,1,29
313,2019-12,2019-12-18,"水",271,65,65,19,78,2,9,4,29
314,2019-12,2019-12-19,"木",263,60,42,54,37,1,19,1,49
315,2019-12,2019-12-20,"金",378,86,130,51,45,0,12,2,52
316,2019-12,2019-12-21,"土",430,126,67,54,74,0,70,4,35
317,2019-12,2019-12-22,"日",396,76,104,34,121,2,30,2,27
318,2019-12,2019-12-23,"月",336,75,114,20,84,6,10,0,27
319,2019-12,2019-12-24,"火",310,45,73,19,99,4,7,8,55
320,2019-12,2019-12-25,"水",114,40,29,3,2,1,1,0,38
321,2019-12,2019-12-26,"木",223,53,39,32,56,2,7,4,30
322,2019-12,2019-12-27,"金",220,73,47,26,25,0,32,6,11
323,2019-12,2019-12-28,"土",280,62,42,28,102,0,17,1,28
324,2019-12,2019-12-29,"日",215,60,64,27,17,0,35,0,12
325,2019-12,2019-12-30,"月",124,24,4,1,46,0,18,1,30
326,2019-12,2019-12-31,"火",69,18,5,6,25,0,0,0,15
327,2019-11,2019-11-01,"金",611,95,97,100,250,10,11,5,43
328,2019-11,2019-11-02,"土",254,70,42,32,65,9,6,2,28
329,2019-11,2019-11-03,"日",278,66,53,4,91,2,25,3,34
330,2019-11,2019-11-04,"月",216,47,32,35,22,7,15,8,50
331,2019-11,2019-11-05,"火",354,59,73,53,116,3,11,0,39
332,2019-11,2019-11-06,"水",538,86,70,97,231,3,10,4,37
333,2019-11,2019-11-07,"木",262,51,56,34,50,4,0,1,66
334,2019-11,2019-11-08,"金",361,47,60,27,176,6,19,1,25
335,2019-11,2019-11-09,"土",506,83,78,83,179,11,12,4,56
336,2019-11,2019-11-10,"日",134,51,20,16,17,1,10,1,18
337,2019-11,2019-11-11,"月",335,79,89,94,13,11,3,6,40
338,2019-11,2019-11-12,"火",156,52,19,6,43,6,4,2,24
339,2019-11,2019-11-13,"水",174,41,22,43,34,2,5,1,26
340,2019-11,2019-11-14,"木",385,78,46,48,174,1,7,0,31
341,2019-11,2019-11-15,"金",303,77,43,91,28,3,5,3,53
342,2019-11,2019-11-16,"土",168,43,40,20,25,3,5,1,31
343,2019-11,2019-11-17,"日",260,57,25,46,94,2,10,2,24
344,2019-11,2019-11-18,"月",376,70,50,83,117,6,6,3,41
345,2019-11,2019-11-19,"火",401,65,103,108,72,4,11,2,36
346,2019-11,2019-11-20,"水",261,41,59,35,51,7,11,1,56
347,2019-11,2019-11-21,"木",140,44,47,11,14,3,6,1,14
348,2019-11,2019-11-22,"金",203,42,21,32,73,5,12,1,17
349,2019-11,2019-11-23,"土",159,50,32,34,0,2,9,2,30
350,2019-11,2019-11-24,"日",413,60,161,74,88,2,5,1,22
351,2019-11,2019-11-25,"月",273,45,101,30,57,1,9,2,28
352,2019-11,2019-11-26,"火",305,58,67,42,77,6,8,2,45
353,2019-11,2019-11-27,"水",329,54,79,61,75,1,9,2,48
354,2019-11,2019-11-28,"木",183,43,25,12,56,1,6,1,39
355,2019-11,2019-11-29,"金",235,57,65,23,56,2,2,4,26
356,2019-11,2019-11-30,"土",361,55,44,27,197,2,8,0,28
357,2019-10,2019-10-01,"火",440,83,61,121,135,5,21,4,10
358,2019-10,2019-10-02,"水",152,46,38,20,28,0,7,1,12
359,2019-10,2019-10-03,"木",340,67,67,59,98,0,10,6,33
360,2019-10,2019-10-04,"金",227,44,49,50,37,0,8,4,35
361,2019-10,2019-10-05,"土",439,62,48,81,216,0,9,5,18
362,2019-10,2019-10-06,"日",215,75,35,32,35,7,13,2,16
363,2019-10,2019-10-07,"月",513,81,79,128,193,1,13,2,16
364,2019-10,2019-10-08,"火",768,81,99,181,374,3,8,3,19
365,2019-10,2019-10-09,"水",354,61,63,79,97,14,8,1,31
366,2019-10,2019-10-10,"木",236,57,39,41,63,2,6,6,22
367,2019-10,2019-10-11,"金",130,33,22,61,0,1,5,3,5
368,2019-10,2019-10-12,"土",180,28,33,16,81,2,5,7,8
369,2019-10,2019-10-13,"日",270,50,44,80,56,2,11,6,21
370,2019-10,2019-10-14,"月",296,59,54,23,129,7,6,5,13
371,2019-10,2019-10-15,"火",240,65,55,50,47,2,3,0,18
372,2019-10,2019-10-16,"水",205,52,44,50,30,0,16,4,9
373,2019-10,2019-10-17,"木",290,49,51,38,121,0,11,2,18
374,2019-10,2019-10-18,"金",303,76,52,75,53,11,20,7,9
375,2019-10,2019-10-19,"土",262,74,38,28,80,2,23,7,10
376,2019-10,2019-10-20,"日",390,88,67,34,143,1,23,8,26
377,2019-10,2019-10-21,"月",398,93,57,98,89,8,21,4,28
378,2019-10,2019-10-22,"火",251,68,65,32,54,3,3,2,24
379,2019-10,2019-10-23,"水",155,39,39,22,28,3,6,5,13
380,2019-10,2019-10-24,"木",220,53,13,75,53,2,3,0,21
381,2019-10,2019-10-25,"金",383,70,85,53,133,9,17,0,16
382,2019-10,2019-10-26,"土",429,76,71,82,119,5,28,2,46
383,2019-10,2019-10-27,"日",409,79,107,46,131,2,18,2,24
384,2019-10,2019-10-28,"月",329,59,48,22,173,3,4,2,18
385,2019-10,2019-10-29,"火",141,15,42,34,22,1,17,0,10
386,2019-10,2019-10-30,"水",252,61,53,21,59,1,25,8,24
387,2019-10,2019-10-31,"木",483,78,91,74,202,7,13,2,16
388,2019-09,2019-09-01,"日",404,63,52,75,157,2,7,9,39
389,2019-09,2019-09-02,"月",272,54,66,61,59,6,14,3,9
390,2019-09,2019-09-03,"火",578,87,95,49,291,5,8,6,37
391,2019-09,2019-09-04,"水",454,72,69,94,155,7,3,4,50
392,2019-09,2019-09-05,"木",282,76,40,67,65,6,4,3,21
393,2019-09,2019-09-06,"金",441,88,59,42,203,7,13,4,25
394,2019-09,2019-09-07,"土",436,106,43,47,160,6,34,4,36
395,2019-09,2019-09-08,"日",268,69,61,21,70,1,9,6,31
396,2019-09,2019-09-09,"月",413,69,52,74,176,0,16,2,24
397,2019-09,2019-09-10,"火",382,91,78,24,103,6,55,5,20
398,2019-09,2019-09-11,"水",367,68,41,71,132,3,25,5,22
399,2019-09,2019-09-12,"木",350,95,82,77,64,1,10,1,20
400,2019-09,2019-09-13,"金",310,62,45,54,96,8,16,11,18
401,2019-09,2019-09-14,"土",393,96,50,50,151,4,17,5,20
402,2019-09,2019-09-15,"日",330,96,60,52,56,7,33,4,22
403,2019-09,2019-09-16,"月",308,88,65,10,100,2,33,4,6
404,2019-09,2019-09-17,"火",497,86,61,136,176,1,10,0,27
405,2019-09,2019-09-18,"水",409,76,37,35,218,9,15,1,18
406,2019-09,2019-09-19,"木",362,79,100,37,119,0,17,3,7
407,2019-09,2019-09-20,"金",515,82,84,75,159,12,71,14,18
408,2019-09,2019-09-21,"土",209,70,30,18,43,1,40,1,6
409,2019-09,2019-09-22,"日",786,118,101,106,376,6,16,12,51
410,2019-09,2019-09-23,"月",208,65,37,24,64,1,6,1,10
411,2019-09,2019-09-24,"火",231,46,50,33,74,0,11,2,15
412,2019-09,2019-09-25,"水",307,68,63,62,72,2,13,0,27
413,2019-09,2019-09-26,"木",303,37,51,42,144,1,7,6,15
414,2019-09,2019-09-27,"金",251,78,64,30,40,3,12,4,20
415,2019-09,2019-09-28,"土",276,92,49,54,36,3,14,2,26
416,2019-09,2019-09-29,"日",498,78,72,73,237,3,12,3,20
417,2019-09,2019-09-30,"月",235,51,32,76,66,3,2,0,5
418,2019-08,2019-08-01,"木",815,187,108,72,334,6,50,8,50
419,2019-08,2019-08-02,"金",688,150,124,97,200,25,11,9,72
420,2019-08,2019-08-03,"土",488,123,39,46,228,11,14,7,20
421,2019-08,2019-08-04,"日",1243,191,133,173,590,8,14,10,124
422,2019-08,2019-08-05,"月",594,126,62,104,211,10,8,6,67
423,2019-08,2019-08-06,"火",774,140,100,136,281,14,16,2,85
424,2019-08,2019-08-07,"水",520,106,51,78,225,2,15,4,39
425,2019-08,2019-08-08,"木",594,127,81,104,197,6,33,9,37
426,2019-08,2019-08-09,"金",796,117,69,113,416,10,26,6,39
427,2019-08,2019-08-10,"土",439,95,69,77,154,3,15,1,25
428,2019-08,2019-08-11,"日",924,133,105,173,408,11,27,5,62
429,2019-08,2019-08-12,"月",247,84,41,25,61,3,10,1,22
430,2019-08,2019-08-13,"火",723,183,111,141,171,16,30,11,60
431,2019-08,2019-08-14,"水",662,164,112,65,200,4,48,16,53
432,2019-08,2019-08-15,"木",1032,177,169,147,393,10,42,17,77
433,2019-08,2019-08-16,"金",277,78,25,14,106,0,21,2,31
434,2019-08,2019-08-17,"土",728,92,81,42,436,16,18,6,37
435,2019-08,2019-08-18,"日",475,89,95,94,125,5,25,6,36
436,2019-08,2019-08-19,"月",1098,138,130,142,535,9,16,16,112
437,2019-08,2019-08-20,"火",364,111,50,73,69,5,21,2,33
438,2019-08,2019-08-21,"水",352,72,75,88,81,10,12,4,10
439,2019-08,2019-08-22,"木",290,74,78,52,41,9,23,2,11
440,2019-08,2019-08-23,"金",484,105,80,70,127,15,21,3,63
441,2019-08,2019-08-24,"土",237,65,44,43,53,1,15,4,12
442,2019-08,2019-08-25,"日",145,41,15,29,51,0,0,2,7
443,2019-08,2019-08-26,"月",404,62,30,83,193,1,9,7,19
444,2019-08,2019-08-27,"火",238,74,31,33,34,8,8,1,49
445,2019-08,2019-08-28,"水",243,68,36,33,59,0,9,4,34
446,2019-08,2019-08-29,"木",524,101,109,123,115,3,10,8,55
447,2019-08,2019-08-30,"金",528,74,89,71,249,2,11,2,30
448,2019-08,2019-08-31,"土",203,60,48,21,26,2,30,4,12
449,2019-07,2019-07-01,"月",597,91,77,150,194,7,44,4,30
450,2019-07,2019-07-02,"火",459,80,62,110,130,2,0,7,68
451,2019-07,2019-07-03,"水",515,81,80,58,233,7,8,10,38
452,2019-07,2019-07-04,"木",162,64,36,32,0,7,5,2,16
453,2019-07,2019-07-05,"金",339,83,70,48,62,10,35,7,24
454,2019-07,2019-07-06,"土",425,102,108,36,107,3,11,2,56
455,2019-07,2019-07-07,"日",395,78,83,125,63,9,7,4,26
456,2019-07,2019-07-08,"月",503,69,29,29,330,5,18,3,20
457,2019-07,2019-07-09,"火",474,73,60,67,206,23,4,7,34
458,2019-07,2019-07-10,"水",163,48,39,6,38,6,2,0,24
459,2019-07,2019-07-11,"木",367,79,57,114,46,18,6,1,46
460,2019-07,2019-07-12,"金",349,82,50,107,75,2,9,9,15
461,2019-07,2019-07-13,"土",602,110,100,52,208,18,19,11,84
462,2019-07,2019-07-14,"日",328,67,26,26,180,9,6,5,9
463,2019-07,2019-07-15,"月",402,104,47,99,79,9,36,10,18
464,2019-07,2019-07-16,"火",306,58,49,95,81,6,6,1,10
465,2019-07,2019-07-17,"水",301,80,33,28,124,4,10,4,18
466,2019-07,2019-07-18,"木",599,80,85,132,224,6,9,5,58
467,2019-07,2019-07-19,"金",562,122,79,59,199,3,39,6,55
468,2019-07,2019-07-20,"土",233,62,25,70,36,3,17,1,19
469,2019-07,2019-07-21,"日",261,67,55,23,68,2,16,3,27
470,2019-07,2019-07-22,"月",415,59,25,60,244,3,7,1,16
471,2019-07,2019-07-23,"火",500,127,62,70,178,8,7,11,37
472,2019-07,2019-07-24,"水",312,83,72,58,39,7,11,2,40
473,2019-07,2019-07-25,"木",676,127,84,87,300,11,22,9,36
474,2019-07,2019-07-26,"金",456,122,79,70,109,11,27,9,29
475,2019-07,2019-07-27,"土",724,122,94,172,257,15,35,7,22
476,2019-07,2019-07-28,"日",549,88,71,66,264,5,13,6,36
477,2019-07,2019-07-29,"月",464,112,56,87,121,7,10,4,67
478,2019-07,2019-07-30,"火",581,93,62,68,276,13,17,5,47
479,2019-07,2019-07-31,"水",385,85,40,78,133,6,7,4,32
480,2020-10,2020-10-22,"木",126,48,32,13,0,0,14,2,17
481,2020-10,2020-10-23,"金",89,34,20,1,0,0,0,2,32
482,2020-10,2020-10-24,"土",74,56,1,0,0,0,2,0,15
483,2020-10,2020-10-25,"日",65,31,16,0,2,0,3,3,10
484,2020-10,2020-10-26,"月",77,35,12,4,1,0,2,2,21
485,2020-10,2020-10-27,"火",76,34,13,4,3,0,2,0,20
486,2020-10,2020-10-28,"水",92,50,4,6,0,2,3,1,26
487,2020-10,2020-10-29,"木",217,55,26,21,65,3,7,5,35
488,2020-10,2020-10-30,"金",59,24,8,9,3,3,0,1,11
489,2020-10,2020-10-31,"土",83,44,7,7,6,1,0,1,17
