1,2020-09,2020-09-01,火,110,35,36,13,61,7,7,0,17,42,328
2,2020-09,2020-09-02,水,84,18,19,12,50,8,4,0,10,12,217
3,2020-09,2020-09-03,木,83,31,76,13,31,10,5,0,5,8,262
4,2020-09,2020-09-04,金,120,28,15,36,53,8,8,0,18,22,308
5,2020-09,2020-09-05,土,138,58,46,9,82,15,14,0,8,32,402
6,2020-09,2020-09-06,日,135,32,56,12,54,12,6,0,26,28,361
7,2020-09,2020-09-07,月,112,22,16,42,56,1,6,0,24,22,301
8,2020-09,2020-09-08,火,116,36,90,25,46,21,6,0,9,44,393
9,2020-09,2020-09-09,水,112,35,24,4,46,10,7,0,11,18,267
10,2020-09,2020-09-10,木,130,64,26,19,37,6,4,0,28,38,352
11,2020-09,2020-09-11,金,147,33,11,6,47,20,9,0,14,30,317
12,2020-09,2020-09-12,土,152,31,33,6,54,18,11,0,14,19,338
13,2020-09,2020-09-13,日,115,21,17,29,54,15,11,0,14,22,298
14,2020-09,2020-09-14,月,111,37,26,32,61,3,8,0,29,27,334
15,2020-09,2020-09-15,火,86,20,5,5,39,3,5,0,10,10,183
16,2020-09,2020-09-16,水,91,14,54,14,27,3,1,0,18,18,240
17,2020-09,2020-09-17,木,118,41,19,15,65,17,2,0,19,30,326
18,2020-09,2020-09-18,金,125,37,19,16,51,16,8,0,16,26,314
19,2020-09,2020-09-19,土,193,66,53,23,86,12,11,0,30,55,529
20,2020-09,2020-09-20,日,133,50,22,42,52,20,6,0,16,30,371
21,2020-09,2020-09-21,月,131,28,14,10,37,14,5,0,10,19,268
22,2020-09,2020-09-22,火,153,34,365,28,51,15,10,0,29,40,725
23,2020-09,2020-09-23,水,96,41,16,7,43,11,6,0,16,22,258
24,2020-09,2020-09-24,木,136,62,50,68,61,12,5,0,20,38,452
25,2020-09,2020-09-25,金,199,64,210,55,69,25,28,0,20,56,726
26,2020-09,2020-09-26,土,173,47,31,10,82,15,8,0,18,31,415
27,2020-09,2020-09-27,日,124,77,121,51,58,10,8,0,14,37,500
28,2020-09,2020-09-28,月,110,27,6,22,72,28,11,0,12,17,305
29,2020-09,2020-09-29,火,101,15,76,14,81,9,9,0,26,23,354
30,2020-09,2020-09-30,水,99,19,5,7,62,11,8,0,10,24,245
31,2020-08,2020-08-01,土,160,28,78,46,64,40,12,0,24,51,503
32,2020-08,2020-08-02,日,145,37,31,29,54,13,13,0,23,38,383
33,2020-08,2020-08-03,月,83,35,13,3,44,10,10,0,11,14,223
34,2020-08,2020-08-04,火,98,18,11,11,27,8,4,0,18,20,215
35,2020-08,2020-08-05,水,100,15,18,29,30,11,13,0,13,16,245
36,2020-08,2020-08-06,木,99,39,16,9,43,2,8,0,19,14,249
37,2020-08,2020-08-07,金,134,40,10,20,41,18,7,0,25,29,324
38,2020-08,2020-08-08,土,134,52,26,29,51,25,13,0,21,17,368
39,2020-08,2020-08-09,日,72,14,3,7,15,10,3,0,17,14,155
40,2020-08,2020-08-10,月,100,22,3,16,27,9,16,0,10,5,208
41,2020-08,2020-08-11,火,45,17,27,5,26,6,3,0,5,6,140
42,2020-08,2020-08-12,水,76,25,10,27,24,5,3,0,5,20,195
43,2020-08,2020-08-13,木,128,33,56,48,58,21,4,0,24,29,401
44,2020-08,2020-08-14,金,101,32,178,40,59,19,4,0,11,15,459
45,2020-08,2020-08-15,土,128,14,18,10,35,19,8,0,24,28,284
46,2020-08,2020-08-16,日,74,10,2,16,26,16,4,0,9,16,173
47,2020-08,2020-08-17,月,101,43,21,10,74,5,13,0,12,19,298
48,2020-08,2020-08-18,火,86,25,22,12,29,11,13,0,13,29,240
49,2020-08,2020-08-19,水,90,12,4,13,50,9,11,0,23,9,221
50,2020-08,2020-08-20,木,116,70,59,34,65,6,16,0,19,21,406
51,2020-08,2020-08-21,金,141,31,1,30,71,15,12,0,26,25,352
52,2020-08,2020-08-22,土,110,46,24,13,62,22,5,0,16,24,322
53,2020-08,2020-08-23,日,109,18,3,22,51,16,2,0,11,16,248
54,2020-08,2020-08-24,月,133,34,51,17,63,8,16,0,21,20,363
55,2020-08,2020-08-25,火,90,16,43,7,33,7,8,0,13,33,250
56,2020-08,2020-08-26,水,97,21,8,11,31,15,7,0,15,17,222
57,2020-08,2020-08-27,木,82,46,23,11,22,13,12,0,15,30,254
58,2020-08,2020-08-28,金,81,20,17,23,37,8,11,0,9,12,218
59,2020-08,2020-08-29,土,63,15,12,39,38,7,8,0,9,14,205
60,2020-08,2020-08-30,日,88,25,61,10,31,7,6,0,7,26,261
61,2020-08,2020-08-31,月,99,29,59,33,47,5,9,0,12,26,319
62,2020-07,2020-07-01,水,133,25,47,19,82,4,16,0,21,20,367
63,2020-07,2020-07-02,木,96,43,35,32,60,12,11,0,11,7,307
64,2020-07,2020-07-03,金,106,19,8,22,47,16,7,0,8,16,249
65,2020-07,2020-07-04,土,110,19,52,20,48,12,5,0,11,13,290
66,2020-07,2020-07-05,日,94,27,20,12,34,8,6,0,10,26,237
67,2020-07,2020-07-06,月,56,13,20,17,21,1,3,0,9,2,142
68,2020-07,2020-07-07,火,115,57,28,95,48,3,5,0,13,29,393
69,2020-07,2020-07-08,水,88,16,2,13,53,2,10,0,6,6,196
70,2020-07,2020-07-09,木,129,56,33,33,31,21,8,0,15,21,347
71,2020-07,2020-07-10,金,119,31,23,13,90,10,14,0,23,19,342
72,2020-07,2020-07-11,土,129,58,37,11,59,35,8,0,14,27,378
73,2020-07,2020-07-12,日,107,26,18,37,72,6,4,0,13,25,308
74,2020-07,2020-07-13,月,88,23,16,24,37,3,9,0,12,25,237
75,2020-07,2020-07-14,火,77,21,19,33,21,2,5,0,9,21,208
76,2020-07,2020-07-15,水,74,19,26,13,53,7,8,0,10,17,227
77,2020-07,2020-07-16,木,110,43,20,9,27,9,5,0,18,38,279
78,2020-07,2020-07-17,金,70,20,28,5,34,6,6,0,9,13,191
79,2020-07,2020-07-18,土,101,19,22,19,24,18,6,0,16,23,248
80,2020-07,2020-07-19,日,98,26,9,9,35,14,12,0,22,29,254
81,2020-07,2020-07-20,月,93,24,6,18,56,12,8,0,9,14,240
82,2020-07,2020-07-21,火,130,31,71,19,43,13,7,0,29,29,372
83,2020-07,2020-07-22,水,137,22,66,17,75,8,15,0,16,21,377
84,2020-07,2020-07-23,木,129,47,46,31,77,11,15,0,24,23,403
85,2020-07,2020-07-24,金,128,26,41,8,46,11,13,0,20,12,305
86,2020-07,2020-07-25,土,118,21,24,11,51,17,2,0,1,15,260
87,2020-07,2020-07-26,日,96,22,5,12,32,15,6,0,11,9,208
88,2020-07,2020-07-27,月,87,36,13,11,34,4,10,0,10,30,235
89,2020-07,2020-07-28,火,71,12,0,11,28,6,11,0,5,5,149
90,2020-07,2020-07-29,水,151,45,16,15,52,22,11,0,23,27,362
91,2020-07,2020-07-30,木,102,39,60,14,29,8,9,0,12,11,284
92,2020-07,2020-07-31,金,136,76,174,16,53,17,12,0,9,21,514
93,2020-06,2020-06-01,月,69,28,89,17,45,4,6,0,8,9,275
94,2020-06,2020-06-02,火,53,29,28,9,20,10,1,0,6,4,160
95,2020-06,2020-06-03,水,58,10,3,7,18,2,3,0,4,13,118
96,2020-06,2020-06-04,木,78,25,7,27,45,12,11,0,20,17,242
97,2020-06,2020-06-05,金,56,19,2,10,21,3,6,0,6,9,132
98,2020-06,2020-06-06,土,74,10,0,15,18,7,7,0,11,23,165
99,2020-06,2020-06-07,日,48,14,3,9,20,8,1,0,2,4,109
100,2020-06,2020-06-08,月,68,13,18,15,35,1,1,0,9,17,177
101,2020-06,2020-06-09,火,62,19,3,14,24,5,8,0,10,13,158
102,2020-06,2020-06-10,水,80,44,10,53,37,10,11,0,13,23,281
103,2020-06,2020-06-11,木,84,27,4,5,22,9,6,0,16,30,203
104,2020-06,2020-06-12,金,79,21,4,12,50,11,5,0,12,15,209
105,2020-06,2020-06-13,土,83,26,5,13,19,14,7,0,4,10,181
106,2020-06,2020-06-14,日,67,26,10,45,35,4,11,0,10,11,219
107,2020-06,2020-06-15,月,65,13,7,13,27,6,3,0,13,8,155
108,2020-06,2020-06-16,火,131,42,7,21,49,9,5,0,14,9,287
109,2020-06,2020-06-17,水,117,28,62,27,49,9,2,0,9,15,318
110,2020-06,2020-06-18,木,126,10,2,19,57,16,10,0,25,31,296
111,2020-06,2020-06-19,金,108,26,6,3,69,16,4,0,11,15,258
112,2020-06,2020-06-20,土,88,45,25,22,83,7,16,0,14,15,315
113,2020-06,2020-06-21,日,82,19,7,15,39,18,7,0,6,16,209
114,2020-06,2020-06-22,月,68,16,2,7,35,9,10,0,4,14,165
115,2020-06,2020-06-23,火,120,33,64,25,119,10,14,0,20,20,425
116,2020-06,2020-06-24,水,96,26,34,46,51,9,12,0,10,12,296
117,2020-06,2020-06-25,木,95,10,2,5,32,9,6,0,10,10,179
118,2020-06,2020-06-26,金,114,34,12,10,39,20,8,0,7,11,255
119,2020-06,2020-06-27,土,118,26,78,5,37,15,5,0,9,9,302
120,2020-06,2020-06-28,日,106,17,6,10,47,10,3,0,17,21,237
121,2020-06,2020-06-29,月,101,46,100,25,43,6,6,0,20,17,364
122,2020-06,2020-06-30,火,94,57,38,11,50,7,3,0,14,12,286
123,2020-05,2020-05-01,金,19,5,0,0,5,2,0,0,3,0,34
124,2020-05,2020-05-02,土,26,5,0,3,5,0,0,0,2,2,43
125,2020-05,2020-05-03,日,25,13,7,0,5,3,0,0,2,6,61
126,2020-05,2020-05-04,月,31,3,1,6,1,6,0,0,3,4,55
127,2020-05,2020-05-05,火,22,1,0,13,13,2,0,0,1,5,57
128,2020-05,2020-05-06,水,25,15,1,1,6,2,2,0,3,0,55
129,2020-05,2020-05-07,木,17,0,0,0,10,0,0,0,3,1,31
130,2020-05,2020-05-08,金,28,14,11,2,10,1,0,0,2,6,74
131,2020-05,2020-05-09,土,36,2,0,12,13,1,1,0,3,1,69
132,2020-05,2020-05-10,日,23,13,13,1,7,3,4,0,1,0,65
133,2020-05,2020-05-11,月,18,0,0,3,4,1,0,0,0,0,26
134,2020-05,2020-05-12,火,47,36,10,3,21,6,3,0,10,10,146
135,2020-05,2020-05-13,水,30,20,9,13,19,6,2,0,2,5,106
136,2020-05,2020-05-14,木,12,10,1,1,7,1,0,0,3,0,35
137,2020-05,2020-05-15,金,26,0,0,2,4,7,1,0,1,3,44
138,2020-05,2020-05-16,土,55,28,20,2,26,7,3,0,8,6,155
139,2020-05,2020-05-17,日,28,3,4,4,12,3,2,0,2,0,58
140,2020-05,2020-05-18,月,22,9,1,0,2,0,2,0,5,2,43
141,2020-05,2020-05-19,火,33,5,0,25,24,2,3,0,1,3,96
142,2020-05,2020-05-20,水,15,8,56,0,2,2,3,0,0,3,89
143,2020-05,2020-05-21,木,29,1,0,1,10,3,2,0,3,1,50
144,2020-05,2020-05-22,金,26,5,1,0,16,3,0,0,1,1,53
145,2020-05,2020-05-23,土,41,5,0,0,19,6,2,0,4,9,86
146,2020-05,2020-05-24,日,42,26,3,13,8,5,0,0,2,3,102
147,2020-05,2020-05-25,月,35,14,18,0,10,1,2,0,1,1,82
148,2020-05,2020-05-26,火,27,2,0,4,10,1,4,0,6,2,56
149,2020-05,2020-05-27,水,50,11,3,6,15,2,3,0,5,7,102
150,2020-05,2020-05-28,木,71,26,4,16,22,1,2,0,9,12,163
151,2020-05,2020-05-29,金,53,8,0,0,41,6,3,0,3,0,114
152,2020-05,2020-05-30,土,56,6,0,3,8,8,8,0,0,2,91
153,2020-05,2020-05-31,日,46,10,0,1,14,6,3,0,6,3,89
154,2020-04,2020-04-01,水,18,17,1,3,9,3,0,0,1,3,55
155,2020-04,2020-04-02,木,60,22,2,13,26,2,6,0,9,5,145
156,2020-04,2020-04-03,金,30,6,0,17,7,1,1,0,2,2,66
157,2020-04,2020-04-04,土,23,2,0,5,1,3,0,0,1,1,36
158,2020-04,2020-04-05,日,14,2,0,5,9,1,0,0,2,5,38
159,2020-04,2020-04-06,月,10,4,0,2,8,0,2,0,1,0,27
160,2020-04,2020-04-07,火,13,3,2,1,0,0,0,0,1,1,21
161,2020-04,2020-04-08,水,18,3,0,2,3,3,0,0,1,2,32
162,2020-04,2020-04-09,木,6,0,0,0,0,0,0,0,1,0,7
163,2020-04,2020-04-10,金,7,0,0,2,1,0,0,0,0,0,10
164,2020-04,2020-04-11,土,7,1,0,0,2,1,0,0,0,0,11
165,2020-04,2020-04-12,日,18,4,1,1,11,1,0,0,0,1,37
166,2020-04,2020-04-13,月,3,0,0,0,0,0,0,0,0,0,3
167,2020-04,2020-04-14,火,9,1,0,3,4,0,1,0,0,1,19
168,2020-04,2020-04-15,水,15,0,0,1,3,0,0,0,0,2,21
169,2020-04,2020-04-16,木,6,0,0,0,2,0,0,0,0,0,8
170,2020-04,2020-04-17,金,25,0,0,2,1,3,1,0,0,7,39
171,2020-04,2020-04-18,土,8,4,0,8,1,1,1,0,0,1,24
172,2020-04,2020-04-19,日,21,0,0,0,0,1,0,0,0,0,22
173,2020-04,2020-04-20,月,5,0,0,0,1,1,0,0,0,0,7
174,2020-04,2020-04-21,火,26,0,0,2,8,3,1,0,3,2,45
175,2020-04,2020-04-22,水,19,11,1,1,8,2,4,0,2,1,49
176,2020-04,2020-04-23,木,42,2,0,1,9,0,3,0,2,7,66
177,2020-04,2020-04-24,金,24,6,0,2,5,2,4,0,3,6,52
178,2020-04,2020-04-25,土,23,10,2,4,3,2,1,0,1,0,46
179,2020-04,2020-04-26,日,19,7,24,2,7,6,0,0,0,1,66
180,2020-04,2020-04-27,月,12,0,0,6,6,1,2,0,0,0,27
181,2020-04,2020-04-28,火,18,23,13,0,12,1,0,0,0,0,67
182,2020-04,2020-04-29,水,21,3,0,8,4,1,3,0,1,1,42
183,2020-04,2020-04-30,木,13,12,1,3,5,0,0,0,0,0,34
184,2020-03,2020-03-01,日,73,16,10,13,41,11,12,0,10,13,199
185,2020-03,2020-03-02,月,81,48,7,7,46,13,7,0,9,8,226
186,2020-03,2020-03-03,火,77,30,10,27,31,10,11,0,10,5,211
187,2020-03,2020-03-04,水,85,24,7,13,32,4,3,0,13,21,202
188,2020-03,2020-03-05,木,82,19,7,4,39,10,7,0,8,7,183
189,2020-03,2020-03-06,金,152,41,18,41,86,20,16,0,21,20,415
190,2020-03,2020-03-07,土,107,25,5,9,39,13,2,0,12,15,227
191,2020-03,2020-03-08,日,74,27,22,30,58,0,14,0,11,20,256
192,2020-03,2020-03-09,月,108,22,12,62,60,11,18,0,8,17,318
193,2020-03,2020-03-10,火,96,27,10,10,56,1,7,0,10,13,230
194,2020-03,2020-03-11,水,103,22,8,34,61,8,7,0,5,15,263
195,2020-03,2020-03-12,木,72,25,4,21,27,8,11,0,6,11,185
196,2020-03,2020-03-13,金,133,64,35,21,64,26,12,0,6,29,390
197,2020-03,2020-03-14,土,107,20,19,11,54,18,6,0,12,32,279
198,2020-03,2020-03-15,日,81,56,17,15,54,5,11,0,16,23,278
199,2020-03,2020-03-16,月,87,35,71,3,33,8,3,0,10,9,259
200,2020-03,2020-03-17,火,119,49,57,8,37,22,9,0,12,44,357
201,2020-03,2020-03-18,水,110,28,33,39,48,17,13,0,16,25,329
202,2020-03,2020-03-19,木,110,9,47,15,53,19,6,0,10,29,298
203,2020-03,2020-03-20,金,94,33,31,17,45,20,8,0,12,12,272
204,2020-03,2020-03-21,土,110,30,17,71,50,9,6,0,12,29,334
205,2020-03,2020-03-22,日,84,20,143,11,53,10,10,0,12,20,363
206,2020-03,2020-03-23,月,95,15,8,8,40,10,13,0,12,13,214
207,2020-03,2020-03-24,火,107,10,1,22,54,19,7,0,18,21,259
208,2020-03,2020-03-25,水,104,16,10,22,61,5,9,0,9,35,271
209,2020-03,2020-03-26,木,101,39,13,27,21,19,10,0,7,19,256
210,2020-03,2020-03-27,金,77,40,19,11,19,21,6,0,5,8,206
211,2020-03,2020-03-28,土,67,35,69,22,36,3,9,0,10,9,260
212,2020-03,2020-03-29,日,30,6,0,12,16,0,0,0,7,3,74
213,2020-03,2020-03-30,月,37,0,0,2,25,2,5,0,6,2,79
214,2020-03,2020-03-31,火,16,4,3,6,8,6,1,0,1,0,45
215,2020-02,2020-02-01,土,83,28,35,16,51,12,7,0,3,6,241
216,2020-02,2020-02-02,日,99,30,65,4,37,7,6,0,4,16,268
217,2020-02,2020-02-03,月,61,19,4,23,26,4,13,0,7,6,163
218,2020-02,2020-02-04,火,137,51,29,37,61,21,9,0,14,19,378
219,2020-02,2020-02-05,水,103,48,112,29,79,10,7,0,10,14,412
220,2020-02,2020-02-06,木,92,28,6,8,33,11,6,0,5,19,208
221,2020-02,2020-02-07,金,134,78,15,25,37,22,10,0,10,22,353
222,2020-02,2020-02-08,土,128,23,61,28,44,23,16,0,16,28,367
223,2020-02,2020-02-09,日,142,35,22,27,45,14,9,0,19,22,335
224,2020-02,2020-02-10,月,186,34,25,17,63,37,12,0,10,33,417
225,2020-02,2020-02-11,火,80,22,18,9,46,5,7,0,5,10,202
226,2020-02,2020-02-12,水,69,10,2,17,38,7,5,0,10,1,159
227,2020-02,2020-02-13,木,109,26,87,4,41,18,8,0,16,20,329
228,2020-02,2020-02-14,金,91,10,129,6,37,10,8,0,5,12,308
229,2020-02,2020-02-15,土,114,29,88,30,73,17,13,0,12,23,399
230,2020-02,2020-02-16,日,104,21,42,23,35,12,3,0,7,11,258
231,2020-02,2020-02-17,月,114,26,92,47,74,10,6,0,12,12,393
232,2020-02,2020-02-18,火,137,31,23,24,39,9,14,0,11,20,308
233,2020-02,2020-02-19,水,103,10,0,19,63,6,10,0,19,33,263
234,2020-02,2020-02-20,木,121,30,14,13,42,27,5,0,19,19,290
235,2020-02,2020-02-21,金,84,28,32,15,42,11,10,0,10,10,242
236,2020-02,2020-02-22,土,112,26,3,21,31,15,14,0,12,12,246
237,2020-02,2020-02-23,日,104,21,25,14,39,18,6,0,6,19,252
238,2020-02,2020-02-24,月,81,15,13,14,42,5,3,0,10,9,192
239,2020-02,2020-02-25,火,65,13,3,5,32,6,7,0,3,6,140
240,2020-02,2020-02-26,水,81,15,2,13,32,5,12,0,8,14,182
241,2020-02,2020-02-27,木,75,27,2,4,32,7,3,0,12,9,171
242,2020-02,2020-02-28,金,92,38,25,9,35,7,8,0,3,12,229
243,2020-02,2020-02-29,土,84,35,26,11,36,13,1,0,6,11,223
244,2020-01,2020-01-01,水,18,3,1,4,5,0,1,0,1,4,37
245,2020-01,2020-01-02,木,42,40,29,21,16,3,4,0,1,4,160
246,2020-01,2020-01-03,金,39,8,8,26,29,4,1,0,4,4,123
247,2020-01,2020-01-04,土,59,18,24,4,12,5,9,0,0,16,147
248,2020-01,2020-01-05,日,82,28,11,9,51,6,3,0,2,10,202
249,2020-01,2020-01-06,月,127,53,11,23,55,8,13,0,2,41,333
250,2020-01,2020-01-07,火,72,36,5,7,31,8,5,0,1,18,183
251,2020-01,2020-01-08,水,127,46,20,36,44,7,10,0,5,37,332
252,2020-01,2020-01-09,木,173,101,57,26,95,27,16,0,7,36,538
253,2020-01,2020-01-10,金,224,53,37,35,105,34,23,0,9,49,569
254,2020-01,2020-01-11,土,138,36,69,74,63,24,12,0,7,24,447
255,2020-01,2020-01-12,日,80,18,35,5,50,11,8,0,1,11,219
256,2020-01,2020-01-13,月,94,40,5,15,51,10,13,0,4,22,254
257,2020-01,2020-01-14,火,109,28,10,17,44,18,8,0,4,29,267
258,2020-01,2020-01-15,水,129,39,29,78,72,12,19,0,6,27,411
259,2020-01,2020-01-16,木,113,37,16,54,64,17,13,0,6,19,339
260,2020-01,2020-01-17,金,134,47,105,29,68,16,10,0,4,23,436
261,2020-01,2020-01-18,土,116,30,81,31,59,16,14,0,3,10,360
262,2020-01,2020-01-19,日,128,65,26,49,61,8,14,0,0,36,387
263,2020-01,2020-01-20,月,129,55,6,31,73,16,21,0,5,54,390
264,2020-01,2020-01-21,火,108,44,21,22,37,16,6,0,2,33,289
265,2020-01,2020-01-22,水,65,19,5,10,24,6,2,0,0,7,138
266,2020-01,2020-01-23,木,95,16,14,3,46,19,8,0,0,11,212
267,2020-01,2020-01-24,金,133,31,20,13,37,38,10,0,3,17,302
268,2020-01,2020-01-25,土,105,63,33,12,47,16,3,0,5,12,296
269,2020-01,2020-01-26,日,89,62,69,61,44,6,7,0,3,21,362
270,2020-01,2020-01-27,月,119,29,107,13,63,10,4,0,5,9,359
271,2020-01,2020-01-28,火,73,9,27,13,30,3,4,0,8,18,185
272,2020-01,2020-01-29,水,105,30,34,25,56,12,5,0,3,10,280
273,2020-01,2020-01-30,木,143,83,56,52,49,8,7,0,7,34,439
274,2020-01,2020-01-31,金,81,37,27,7,34,8,7,0,2,11,214
275,2019-12,2019-12-01,日,94,29,2,41,38,8,6,0,4,13,235
276,2019-12,2019-12-02,月,120,84,30,18,58,5,8,0,3,26,352
277,2019-12,2019-12-03,火,95,34,22,10,35,5,8,0,3,14,226
278,2019-12,2019-12-04,水,148,57,76,15,57,13,9,0,4,24,403
279,2019-12,2019-12-05,木,144,45,23,15,82,11,13,0,6,22,361
280,2019-12,2019-12-06,金,138,32,19,45,78,22,16,0,6,34,390
281,2019-12,2019-12-07,土,105,39,21,16,33,16,15,0,2,30,277
282,2019-12,2019-12-08,日,119,50,41,33,40,15,10,0,4,28,340
283,2019-12,2019-12-09,月,129,43,41,61,47,31,15,0,5,18,390
284,2019-12,2019-12-10,火,90,26,82,11,24,9,2,0,3,3,250
285,2019-12,2019-12-11,水,141,32,19,13,78,9,16,0,9,48,365
286,2019-12,2019-12-12,木,101,20,3,35,53,8,11,0,7,27,265
287,2019-12,2019-12-13,金,123,19,11,23,52,24,5,0,6,15,278
288,2019-12,2019-12-14,土,137,16,5,35,45,25,6,0,6,21,296
289,2019-12,2019-12-15,日,93,51,34,22,44,17,12,0,5,13,291
290,2019-12,2019-12-16,月,127,21,13,26,52,11,20,0,6,51,327
291,2019-12,2019-12-17,火,180,44,77,34,69,7,13,0,6,25,455
292,2019-12,2019-12-18,水,99,74,76,16,41,19,8,0,4,10,347
293,2019-12,2019-12-19,木,92,12,7,13,52,8,4,0,5,29,222
294,2019-12,2019-12-20,金,107,19,36,21,47,15,9,0,4,15,273
295,2019-12,2019-12-21,土,169,47,22,15,42,32,10,0,4,32,373
296,2019-12,2019-12-22,日,102,18,18,20,44,13,9,0,3,20,247
297,2019-12,2019-12-23,月,130,55,33,41,48,7,8,0,14,43,379
298,2019-12,2019-12-24,火,144,81,55,12,55,10,12,0,3,30,402
299,2019-12,2019-12-25,水,147,70,36,23,67,39,11,0,6,23,422
300,2019-12,2019-12-26,木,122,58,18,7,21,21,5,0,4,18,274
301,2019-12,2019-12-27,金,94,38,230,18,57,20,10,0,2,16,485
302,2019-12,2019-12-28,土,97,30,11,40,50,12,13,0,1,14,268
303,2019-12,2019-12-29,日,106,55,47,29,65,17,8,0,3,35,365
304,2019-12,2019-12-30,月,75,6,10,11,30,11,11,0,3,3,160
305,2019-12,2019-12-31,火,13,8,0,0,2,3,0,0,0,1,27
306,2019-11,2019-11-01,金,110,24,17,30,41,10,7,0,5,10,254
307,2019-11,2019-11-02,土,88,41,40,8,58,12,7,0,3,13,270
308,2019-11,2019-11-03,日,72,44,28,16,20,10,4,0,0,18,212
309,2019-11,2019-11-04,月,89,36,36,25,22,8,6,0,4,9,235
310,2019-11,2019-11-05,火,104,45,15,17,56,3,14,0,3,27,284
311,2019-11,2019-11-06,水,112,20,11,30,48,21,7,0,2,17,268
312,2019-11,2019-11-07,木,125,38,21,18,45,7,12,0,5,26,297
313,2019-11,2019-11-08,金,90,25,40,5,30,15,11,0,1,9,226
314,2019-11,2019-11-09,土,95,22,7,9,49,7,5,0,1,17,212
315,2019-11,2019-11-10,日,120,39,12,17,67,16,12,0,9,24,316
316,2019-11,2019-11-11,月,74,38,10,25,34,4,6,0,4,19,214
317,2019-11,2019-11-12,火,83,30,5,9,55,23,13,0,2,9,229
318,2019-11,2019-11-13,水,97,45,24,14,57,11,11,0,1,7,267
319,2019-11,2019-11-14,木,146,40,81,7,93,10,14,0,2,16,409
320,2019-11,2019-11-15,金,153,33,19,18,61,26,17,0,5,26,358
321,2019-11,2019-11-16,土,198,61,86,12,85,45,14,0,3,44,548
322,2019-11,2019-11-17,日,94,60,40,14,48,8,7,0,3,40,314
323,2019-11,2019-11-18,月,104,35,62,3,72,16,12,0,3,14,321
324,2019-11,2019-11-19,火,98,31,35,25,56,4,7,0,1,13,270
325,2019-11,2019-11-20,水,113,23,54,40,49,8,16,0,8,15,326
326,2019-11,2019-11-21,木,104,15,0,8,22,12,4,0,2,18,185
327,2019-11,2019-11-22,金,74,84,110,21,57,9,11,0,3,13,382
328,2019-11,2019-11-23,土,65,18,11,18,20,9,9,0,0,8,158
329,2019-11,2019-11-24,日,79,32,26,42,43,6,6,0,5,28,267
330,2019-11,2019-11-25,月,92,34,13,29,41,5,12,0,7,22,255
331,2019-11,2019-11-26,火,119,34,9,30,40,5,11,0,3,33,284
332,2019-11,2019-11-27,水,94,20,17,32,22,12,12,0,4,14,227
333,2019-11,2019-11-28,木,107,36,7,19,57,12,10,0,6,20,274
334,2019-11,2019-11-29,金,94,32,43,37,26,9,4,0,2,20,267
335,2019-11,2019-11-30,土,85,38,18,23,46,7,10,0,3,16,246
336,2019-10,2019-10-01,火,92,50,43,18,39,21,5,0,4,20,292
337,2019-10,2019-10-02,水,113,26,7,13,35,17,17,0,8,36,272
338,2019-10,2019-10-03,木,115,27,6,23,44,18,15,0,2,38,288
339,2019-10,2019-10-04,金,133,64,20,28,69,20,12,0,8,11,365
340,2019-10,2019-10-05,土,119,65,52,51,45,29,16,0,6,35,418
341,2019-10,2019-10-06,日,120,49,99,23,30,11,6,0,3,21,362
342,2019-10,2019-10-07,月,212,73,40,42,69,26,18,0,12,38,530
343,2019-10,2019-10-08,火,74,15,5,9,29,4,2,0,0,34,172
344,2019-10,2019-10-09,水,127,37,41,26,71,12,11,0,4,16,345
345,2019-10,2019-10-10,木,72,8,14,6,20,5,5,0,0,11,141
346,2019-10,2019-10-11,金,49,6,0,10,20,11,5,0,0,9,110
347,2019-10,2019-10-12,土,30,17,10,12,11,5,4,0,1,17,107
348,2019-10,2019-10-13,日,75,10,4,32,20,8,4,0,6,23,182
349,2019-10,2019-10-14,月,119,59,23,48,53,12,17,0,7,38,376
350,2019-10,2019-10-15,火,93,17,47,42,30,6,14,0,5,34,288
351,2019-10,2019-10-16,水,124,64,16,64,48,24,13,0,4,46,403
352,2019-10,2019-10-17,木,97,58,18,47,37,2,10,0,3,47,319
353,2019-10,2019-10-18,金,127,80,26,35,43,23,14,0,4,17,369
354,2019-10,2019-10-19,土,104,35,7,9,24,26,10,0,2,21,238
355,2019-10,2019-10-20,日,53,49,32,19,23,7,7,0,4,8,202
356,2019-10,2019-10-21,月,109,53,53,14,40,16,8,0,1,23,317
357,2019-10,2019-10-22,火,106,51,111,23,52,7,20,0,10,10,390
358,2019-10,2019-10-23,水,71,23,3,22,38,10,5,0,4,13,189
359,2019-10,2019-10-24,木,88,44,44,38,43,12,13,0,4,27,313
360,2019-10,2019-10-25,金,107,63,25,27,41,17,18,0,4,12,314
361,2019-10,2019-10-26,土,130,49,8,18,56,21,14,0,4,24,324
362,2019-10,2019-10-27,日,93,44,40,28,32,4,14,0,6,34,295
363,2019-10,2019-10-28,月,92,37,12,5,26,10,13,0,2,17,214
364,2019-10,2019-10-29,火,118,52,27,25,62,13,10,0,2,11,320
365,2019-10,2019-10-30,水,95,33,25,12,42,12,11,0,2,16,248
366,2019-10,2019-10-31,木,84,70,63,29,26,9,8,0,2,16,307
367,2019-09,2019-09-01,日,90,51,74,32,38,11,15,0,1,24,336
368,2019-09,2019-09-02,月,108,35,3,15,49,22,12,0,3,11,258
369,2019-09,2019-09-03,火,81,11,31,38,20,9,5,0,1,11,207
370,2019-09,2019-09-04,水,51,22,2,38,19,7,1,0,3,10,153
371,2019-09,2019-09-05,木,90,37,56,12,36,8,9,0,1,15,264
372,2019-09,2019-09-06,金,100,10,2,31,34,20,6,0,0,24,227
373,2019-09,2019-09-07,土,81,33,9,15,21,7,7,0,1,14,188
374,2019-09,2019-09-08,日,54,30,6,6,23,6,2,0,1,1,129
375,2019-09,2019-09-09,月,77,48,47,21,18,12,8,0,3,25,259
376,2019-09,2019-09-10,火,75,17,3,15,27,9,6,0,5,14,171
377,2019-09,2019-09-11,水,100,32,5,10,27,22,11,0,5,6,218
378,2019-09,2019-09-12,木,76,13,1,7,33,2,6,0,4,35,177
379,2019-09,2019-09-13,金,71,44,8,39,30,12,7,0,4,26,241
380,2019-09,2019-09-14,土,87,29,6,23,38,14,6,0,2,13,218
381,2019-09,2019-09-15,日,81,14,74,24,26,12,6,0,0,6,243
382,2019-09,2019-09-16,月,93,13,79,14,36,17,3,0,2,31,288
383,2019-09,2019-09-17,火,76,29,24,15,20,11,5,0,4,8,192
384,2019-09,2019-09-18,水,97,16,13,20,32,9,5,0,2,14,208
385,2019-09,2019-09-19,木,107,53,76,24,47,11,9,0,4,14,345
386,2019-09,2019-09-20,金,104,33,38,31,48,13,6,0,8,13,294
387,2019-09,2019-09-21,土,163,63,65,24,69,30,8,0,2,23,447
388,2019-09,2019-09-22,日,105,48,50,16,46,13,11,0,4,15,308
389,2019-09,2019-09-23,月,81,38,16,12,55,8,14,0,3,40,267
390,2019-09,2019-09-24,火,89,53,38,15,55,8,8,0,4,15,285
391,2019-09,2019-09-25,水,98,17,2,28,50,12,15,0,3,15,240
392,2019-09,2019-09-26,木,94,21,5,10,48,11,7,0,0,9,205
393,2019-09,2019-09-27,金,70,26,9,25,23,7,8,0,0,13,181
394,2019-09,2019-09-28,土,105,26,7,24,41,12,10,0,5,32,262
395,2019-09,2019-09-29,日,130,82,54,18,61,14,9,0,4,25,397
396,2019-09,2019-09-30,月,71,15,4,9,28,1,9,0,3,9,149
397,2019-08,2019-08-01,木,71,19,5,8,39,7,9,0,4,20,182
398,2019-08,2019-08-02,金,128,52,71,20,40,28,3,0,7,26,375
399,2019-08,2019-08-03,土,113,65,99,29,38,43,5,0,2,27,421
400,2019-08,2019-08-04,日,73,9,1,6,52,11,5,0,0,7,164
401,2019-08,2019-08-05,月,74,29,28,15,28,10,2,0,2,4,192
402,2019-08,2019-08-06,火,101,30,52,11,46,11,6,0,0,32,289
403,2019-08,2019-08-07,水,117,21,20,16,29,21,9,0,1,22,256
404,2019-08,2019-08-08,木,122,65,41,20,56,20,3,0,7,21,355
405,2019-08,2019-08-09,金,129,77,92,74,64,11,12,0,6,37,502
406,2019-08,2019-08-10,土,104,76,34,26,50,16,6,0,3,25,340
407,2019-08,2019-08-11,日,109,53,49,41,44,17,7,0,5,10,335
408,2019-08,2019-08-12,月,110,24,41,9,62,10,8,0,6,22,292
409,2019-08,2019-08-13,火,121,38,6,45,44,13,6,0,5,44,322
410,2019-08,2019-08-14,水,76,30,7,8,37,9,4,0,2,4,177
411,2019-08,2019-08-15,木,141,39,18,28,93,15,10,0,3,10,357
412,2019-08,2019-08-16,金,112,57,30,30,59,20,11,0,6,27,352
413,2019-08,2019-08-17,土,64,36,117,8,25,17,2,0,0,6,275
414,2019-08,2019-08-18,日,70,17,12,3,27,5,9,0,2,4,149
415,2019-08,2019-08-19,月,121,62,23,21,56,12,6,0,4,33,338
416,2019-08,2019-08-20,火,71,40,34,16,52,7,3,0,4,14,241
417,2019-08,2019-08-21,水,90,10,2,24,42,10,11,0,1,26,216
418,2019-08,2019-08-22,木,72,34,13,11,33,6,6,0,3,12,190
419,2019-08,2019-08-23,金,126,64,92,25,51,25,7,0,2,23,415
420,2019-08,2019-08-24,土,87,35,40,22,46,9,5,0,1,13,258
421,2019-08,2019-08-25,日,59,21,9,0,27,14,2,0,0,8,140
422,2019-08,2019-08-26,月,73,29,40,18,37,8,11,0,4,14,234
423,2019-08,2019-08-27,火,71,26,6,46,32,11,9,0,1,11,213
424,2019-08,2019-08-28,水,113,39,67,17,60,8,10,0,1,11,326
425,2019-08,2019-08-29,木,62,14,7,12,21,8,4,0,4,7,139
426,2019-08,2019-08-30,金,75,11,17,19,37,9,2,0,6,15,191
427,2019-08,2019-08-31,土,100,42,34,34,52,16,4,0,8,12,302
428,2019-07,2019-07-01,月,77,32,37,33,18,8,2,0,2,37,246
429,2019-07,2019-07-02,火,115,46,39,3,58,24,5,0,3,25,318
430,2019-07,2019-07-03,水,93,31,70,25,28,8,12,0,1,16,284
431,2019-07,2019-07-04,木,127,60,249,28,82,16,5,0,5,18,590
432,2019-07,2019-07-05,金,79,26,8,9,40,7,3,0,0,13,185
433,2019-07,2019-07-06,土,116,69,23,31,49,10,6,0,1,36,341
434,2019-07,2019-07-07,日,67,26,9,20,36,8,1,0,2,16,185
435,2019-07,2019-07-08,月,51,5,3,23,17,8,5,0,1,6,119
436,2019-07,2019-07-09,火,100,19,8,26,22,10,17,0,1,32,235
437,2019-07,2019-07-10,水,82,33,11,10,22,4,4,0,8,5,179
438,2019-07,2019-07-11,木,123,95,143,43,58,7,4,0,2,12,487
439,2019-07,2019-07-12,金,105,39,9,11,53,13,4,0,1,6,241
440,2019-07,2019-07-13,土,122,59,50,47,81,14,13,0,4,21,411
441,2019-07,2019-07-14,日,136,31,48,45,45,25,18,0,9,26,383
442,2019-07,2019-07-15,月,125,56,34,37,60,16,9,0,6,25,368
443,2019-07,2019-07-16,火,95,30,9,55,35,18,6,0,1,23,272
444,2019-07,2019-07-17,水,113,25,37,24,44,19,6,0,2,27,297
445,2019-07,2019-07-18,木,150,52,21,49,88,29,12,0,1,30,432
446,2019-07,2019-07-19,金,72,17,4,29,36,16,5,0,0,10,189
447,2019-07,2019-07-20,土,73,21,18,20,31,7,2,0,5,11,188
448,2019-07,2019-07-21,日,92,31,4,17,37,16,5,0,5,9,216
449,2019-07,2019-07-22,月,67,24,7,26,39,11,2,0,4,11,191
450,2019-07,2019-07-23,火,85,30,8,12,33,14,7,0,2,14,205
451,2019-07,2019-07-24,水,105,16,5,23,56,18,6,0,5,14,248
452,2019-07,2019-07-25,木,104,28,5,1,26,22,4,0,3,9,202
453,2019-07,2019-07-26,金,108,32,6,13,43,26,3,0,0,24,255
454,2019-07,2019-07-27,土,85,50,20,20,45,8,14,0,3,62,307
455,2019-07,2019-07-28,日,60,6,26,16,19,7,3,0,0,13,150
456,2019-07,2019-07-29,月,84,32,40,10,34,20,4,0,2,7,233
457,2019-07,2019-07-30,火,88,23,71,6,53,14,6,0,2,5,268
458,2019-07,2019-07-31,水,69,20,19,13,39,13,10,0,0,11,194
459,2019-06,2019-06-01,土,81,10,7,23,61,12,2,0,1,14,211
460,2019-06,2019-06-02,日,78,22,10,16,39,3,5,0,7,10,190
461,2019-06,2019-06-03,月,149,40,35,40,87,17,17,0,9,8,402
462,2019-06,2019-06-04,火,130,39,7,28,44,9,6,0,4,11,278
463,2019-06,2019-06-05,水,90,43,11,17,49,8,6,0,1,13,238
464,2019-06,2019-06-06,木,111,70,39,45,55,16,7,0,6,19,368
465,2019-06,2019-06-07,金,107,58,9,45,43,15,1,0,2,24,304
466,2019-06,2019-06-08,土,115,50,87,31,39,15,5,0,7,18,367
467,2019-06,2019-06-09,日,104,59,12,21,56,9,3,0,3,21,288
468,2019-06,2019-06-10,月,105,45,11,31,49,17,8,0,6,18,290
469,2019-06,2019-06-11,火,107,45,9,19,57,18,6,0,2,16,279
470,2019-06,2019-06-12,水,125,89,71,25,46,14,5,0,2,16,393
471,2019-06,2019-06-13,木,117,32,65,10,45,11,5,0,1,8,294
472,2019-06,2019-06-14,金,89,19,188,24,28,9,8,0,1,14,380
473,2019-06,2019-06-15,土,92,11,4,24,30,18,5,0,3,3,190
474,2019-06,2019-06-16,日,98,40,11,39,49,17,9,0,4,10,277
475,2019-06,2019-06-17,月,77,8,6,7,43,16,4,0,4,21,186
476,2019-06,2019-06-18,火,83,35,11,7,69,6,4,0,1,16,232
477,2019-06,2019-06-19,水,82,38,34,8,38,17,9,0,4,16,246
478,2019-06,2019-06-20,木,66,41,14,21,24,9,3,0,1,21,200
479,2019-06,2019-06-21,金,120,22,5,2,38,32,3,0,2,8,232
480,2019-06,2019-06-22,土,108,34,11,46,36,15,9,0,5,33,297
481,2019-06,2019-06-23,日,70,62,9,21,28,4,4,0,2,9,209
482,2019-06,2019-06-24,月,92,50,16,10,28,7,5,0,2,29,239
483,2019-06,2019-06-25,火,71,12,10,7,45,7,0,0,3,9,164
484,2019-06,2019-06-26,水,83,19,6,10,39,5,4,0,1,13,180
485,2019-06,2019-06-27,木,81,25,11,24,34,13,3,0,0,15,206
486,2019-06,2019-06-28,金,63,22,6,14,29,10,1,0,1,5,151
487,2019-06,2019-06-29,土,113,49,62,17,44,30,16,0,3,24,358
488,2019-06,2019-06-30,日,108,24,60,11,33,7,11,0,7,9,270
489,2020-10,2020-10-01,木,136,29,31,27,63,8,15,0,23,14,346
490,2020-10,2020-10-02,金,129,43,58,21,54,5,7,0,10,24,351
491,2020-10,2020-10-03,土,168,58,59,12,78,13,8,0,21,22,439
492,2020-10,2020-10-04,日,94,68,44,34,66,4,8,0,10,30,358
493,2020-10,2020-10-05,月,145,39,19,18,59,11,10,0,20,65,386
494,2020-10,2020-10-06,火,96,36,13,6,40,6,3,0,7,3,210
495,2020-10,2020-10-07,水,135,84,124,18,24,11,6,0,12,10,424
496,2020-10,2020-10-08,木,97,29,18,5,34,10,11,0,20,24,248
497,2020-10,2020-10-09,金,147,28,15,42,67,19,15,0,15,25,373
498,2020-10,2020-10-10,土,129,25,28,26,47,8,10,0,18,21,312
499,2020-10,2020-10-11,日,144,50,48,38,66,14,22,0,19,25,426
500,2020-10,2020-10-12,月,91,43,37,3,40,12,6,0,8,21,261
501,2020-10,2020-10-13,火,124,33,35,26,57,10,16,0,15,17,333
502,2020-10,2020-10-14,水,92,20,18,0,28,8,7,0,10,17,200
503,2020-10,2020-10-15,木,99,17,41,10,53,7,8,0,12,31,278
504,2020-10,2020-10-16,金,114,17,4,6,47,12,5,0,9,13,227
505,2020-10,2020-10-17,土,142,31,58,4,58,9,12,0,19,25,358
506,2020-10,2020-10-18,日,178,43,82,51,61,27,8,0,15,33,498
507,2020-10,2020-10-19,月,90,28,14,7,25,5,4,0,7,7,187
508,2020-10,2020-10-20,火,107,66,73,27,65,3,8,0,27,12,388
509,2020-10,2020-10-21,水,108,38,24,3,34,5,8,0,11,12,243
510,2020-10,2020-10-22,木,158,29,5,24,85,17,11,0,32,23,384
511,2020-10,2020-10-23,金,115,32,12,12,44,7,10,0,13,20,265
512,2020-10,2020-10-24,土,197,59,56,40,100,26,18,0,15,49,560
513,2020-10,2020-10-25,日,115,35,92,16,42,12,8,0,13,31,364
514,2020-10,2020-10-26,月,92,55,28,20,52,7,11,0,17,23,305
515,2020-10,2020-10-27,火,120,17,3,8,42,13,8,0,10,13,234
516,2020-10,2020-10-28,水,71,22,14,11,26,6,7,0,9,15,181
517,2020-10,2020-10-29,木,123,29,7,8,36,5,9,0,14,28,259
518,2020-10,2020-10-30,金,129,38,19,46,47,11,14,0,13,27,344
519,2020-10,2020-10-31,土,152,60,44,11,43,25,8,0,24,40,407