1,2020-10,2020-09-24,木,17,7,0,0.0%,0,1,1,0,0
2,2020-10,2020-09-25,金,40,15,1,6.7%,0,0,0,0,0
3,2020-10,2020-09-26,土,15,5,1,20.0%,0,0,0,0,0
4,2020-10,2020-09-27,日,2,1,0,0.0%,0,0,0,0,0
5,2020-10,2020-09-28,月,10,4,0,0.0%,0,0,0,0,0
6,2020-10,2020-09-29,火,10,8,0,0.0%,0,0,0,0,0
7,2020-10,2020-09-30,水,0,0,0,-,0,0,0,0,0
8,2020-10,2020-10-01,木,29,9,3,33.3%,0,2,1,1,0
9,2020-10,2020-10-02,金,34,22,0,0.0%,0,1,1,0,0
10,2020-10,2020-10-03,土,42,13,2,15.4%,0,2,1,1,0
11,2020-10,2020-10-04,日,23,12,0,0.0%,0,1,1,0,0
12,2020-10,2020-10-05,月,27,10,5,50.0%,0,1,1,0,0
13,2020-10,2020-10-06,火,66,28,0,0.0%,0,1,1,0,0
14,2020-10,2020-10-07,水,33,11,1,9.1%,0,0,0,0,0
15,2020-10,2020-10-08,木,54,26,0,0.0%,0,2,1,1,0
16,2020-10,2020-10-09,金,56,25,2,8.0%,0,1,1,0,0
17,2020-10,2020-10-10,土,54,21,0,0.0%,0,1,0,1,0
18,2020-10,2020-10-11,日,60,31,0,0.0%,0,0,0,0,0
19,2020-10,2020-10-12,月,32,15,0,0.0%,0,0,0,0,0
20,2020-10,2020-10-13,火,48,22,1,4.5%,0,1,1,0,0
21,2020-10,2020-10-14,水,48,23,0,0.0%,0,1,1,0,0
22,2020-10,2020-10-15,木,80,35,7,20.0%,0,3,3,0,0
23,2020-10,2020-10-16,金,101,40,1,2.5%,0,3,3,0,0
24,2020-10,2020-10-17,土,55,26,1,3.8%,0,2,2,0,0
25,2020-10,2020-10-18,日,74,29,4,13.8%,0,2,1,1,0
26,2020-10,2020-10-19,月,34,11,3,27.3%,0,1,1,0,0
27,2020-10,2020-10-20,火,54,19,3,15.8%,0,1,1,0,0
28,2020-10,2020-10-21,水,38,17,1,5.9%,0,1,1,0,0
29,2020-09,2020-08-27,木,9,2,0,0.0%,0,0,0,0,0
30,2020-09,2020-08-28,金,8,4,0,0.0%,0,1,0,1,0
31,2020-09,2020-08-29,土,5,2,0,0.0%,0,0,0,0,0
32,2020-09,2020-08-30,日,3,2,0,0.0%,0,0,0,0,0
33,2020-09,2020-08-31,月,12,6,0,0.0%,0,1,0,1,0
34,2020-09,2020-09-01,火,2,1,0,0.0%,0,0,0,0,0
35,2020-09,2020-09-02,水,19,4,0,0.0%,0,0,0,0,0
36,2020-09,2020-09-03,木,5,2,0,0.0%,0,1,1,0,0
37,2020-09,2020-09-04,金,8,3,0,0.0%,0,1,0,1,0
38,2020-09,2020-09-05,土,17,10,0,0.0%,0,0,0,0,0
39,2020-09,2020-09-06,日,4,2,1,50.0%,0,0,0,0,0
40,2020-09,2020-09-07,月,0,0,0,-,0,0,0,0,0
41,2020-09,2020-09-08,火,15,3,0,0.0%,0,2,1,1,0
42,2020-09,2020-09-09,水,51,15,1,6.7%,0,0,0,0,0
43,2020-09,2020-09-10,木,13,4,0,0.0%,0,0,0,0,0
44,2020-09,2020-09-11,金,16,5,1,20.0%,0,0,0,0,0
45,2020-09,2020-09-12,土,5,3,0,0.0%,0,0,0,0,0
46,2020-09,2020-09-13,日,7,2,0,0.0%,0,0,0,0,0
47,2020-09,2020-09-14,月,7,5,0,0.0%,0,0,0,0,0
48,2020-09,2020-09-15,火,14,4,1,25.0%,0,0,0,0,0
49,2020-09,2020-09-16,水,8,1,0,0.0%,0,0,0,0,0
50,2020-09,2020-09-17,木,23,7,1,14.3%,0,2,1,1,0
51,2020-09,2020-09-18,金,7,3,0,0.0%,0,1,0,1,0
52,2020-09,2020-09-19,土,8,2,0,0.0%,0,0,0,0,0
53,2020-09,2020-09-20,日,53,15,1,6.7%,0,1,1,0,0
54,2020-09,2020-09-21,月,4,0,0,-,0,0,0,0,0
55,2020-09,2020-09-22,火,11,2,0,0.0%,0,1,0,1,0
56,2020-09,2020-09-23,水,25,12,1,8.3%,0,2,0,2,0
57,2020-08,2020-07-30,木,21,6,1,16.7%,0,2,2,0,0
58,2020-08,2020-07-31,金,17,4,0,0.0%,0,0,0,0,0
59,2020-08,2020-08-01,土,23,8,2,25.0%,0,1,0,1,0
60,2020-08,2020-08-02,日,13,6,0,0.0%,0,1,1,0,0
61,2020-08,2020-08-03,月,0,0,0,-,0,0,0,0,0
62,2020-08,2020-08-04,火,8,3,0,0.0%,0,0,0,0,0
63,2020-08,2020-08-05,水,10,3,2,66.7%,0,0,0,0,0
64,2020-08,2020-08-06,木,24,7,2,28.6%,0,0,0,0,0
65,2020-08,2020-08-07,金,26,7,1,14.3%,0,2,1,1,0
66,2020-08,2020-08-08,土,15,6,0,0.0%,0,1,0,1,0
67,2020-08,2020-08-09,日,15,7,0,0.0%,0,0,0,0,0
68,2020-08,2020-08-10,月,18,6,0,0.0%,0,0,0,0,0
69,2020-08,2020-08-11,火,17,8,0,0.0%,0,1,1,0,0
70,2020-08,2020-08-12,水,9,2,0,0.0%,0,1,0,1,0
71,2020-08,2020-08-13,木,25,10,0,0.0%,0,0,0,0,0
72,2020-08,2020-08-14,金,10,4,0,0.0%,0,0,0,0,0
73,2020-08,2020-08-15,土,39,12,0,0.0%,0,1,0,1,0
74,2020-08,2020-08-16,日,25,5,1,20.0%,0,1,1,0,0
75,2020-08,2020-08-17,月,3,2,0,0.0%,0,0,0,0,0
76,2020-08,2020-08-18,火,9,0,0,-,0,1,0,1,0
77,2020-08,2020-08-19,水,8,1,0,0.0%,0,0,0,0,0
78,2020-08,2020-08-20,木,29,9,0,0.0%,0,0,0,0,0
79,2020-08,2020-08-21,金,14,2,3,150.0%,0,0,0,0,0
80,2020-08,2020-08-22,土,14,5,0,0.0%,0,1,1,0,0
81,2020-08,2020-08-23,日,16,6,0,0.0%,0,1,1,0,0
82,2020-08,2020-08-24,月,16,5,3,60.0%,0,1,1,0,0
83,2020-08,2020-08-25,火,12,3,0,0.0%,0,0,0,0,0
84,2020-08,2020-08-26,水,7,2,0,0.0%,0,0,0,0,0
85,2020-07,2020-06-25,木,31,13,1,7.7%,0,0,0,0,0
86,2020-07,2020-06-26,金,24,6,0,0.0%,0,0,0,0,0
87,2020-07,2020-06-27,土,77,40,4,10.0%,0,3,1,2,0
88,2020-07,2020-06-28,日,16,8,0,0.0%,0,0,0,0,0
89,2020-07,2020-06-29,月,23,10,0,0.0%,0,0,0,0,0
90,2020-07,2020-06-30,火,2,1,0,0.0%,0,0,0,0,0
91,2020-07,2020-07-01,水,13,8,0,0.0%,0,0,0,0,0
92,2020-07,2020-07-02,木,35,7,3,42.9%,0,0,0,0,0
93,2020-07,2020-07-03,金,33,10,2,20.0%,0,1,1,0,0
94,2020-07,2020-07-04,土,3,0,0,-,0,0,0,0,0
95,2020-07,2020-07-05,日,22,10,0,0.0%,0,0,0,0,0
96,2020-07,2020-07-06,月,11,3,1,33.3%,0,1,1,0,0
97,2020-07,2020-07-07,火,4,1,0,0.0%,0,0,0,0,0
98,2020-07,2020-07-08,水,25,12,1,8.3%,0,0,0,0,0
99,2020-07,2020-07-09,木,10,4,0,0.0%,0,0,0,0,0
100,2020-07,2020-07-10,金,9,2,1,50.0%,0,0,0,0,0
101,2020-07,2020-07-11,土,82,23,7,30.4%,0,2,2,0,0
102,2020-07,2020-07-12,日,15,6,0,0.0%,0,0,0,0,0
103,2020-07,2020-07-13,月,11,9,0,0.0%,0,0,0,0,0
104,2020-07,2020-07-14,火,8,2,0,0.0%,0,1,0,1,0
105,2020-07,2020-07-15,水,26,6,2,33.3%,0,1,0,1,0
106,2020-07,2020-07-16,木,20,7,0,0.0%,0,1,0,1,0
107,2020-07,2020-07-17,金,14,4,0,0.0%,0,0,0,0,0
108,2020-07,2020-07-18,土,22,5,2,40.0%,0,1,1,0,0
109,2020-07,2020-07-19,日,10,3,0,0.0%,0,0,0,0,0
110,2020-07,2020-07-20,月,28,4,1,25.0%,0,1,1,0,0
111,2020-07,2020-07-21,火,24,7,0,0.0%,0,1,1,0,0
112,2020-07,2020-07-22,水,10,4,0,0.0%,0,1,1,0,0
113,2020-07,2020-07-23,木,8,1,0,0.0%,0,1,0,1,0
114,2020-07,2020-07-24,金,27,6,1,16.7%,0,5,2,3,0
115,2020-07,2020-07-25,土,20,6,1,16.7%,0,0,0,0,0
116,2020-07,2020-07-26,日,20,8,1,12.5%,0,0,0,0,0
117,2020-07,2020-07-27,月,29,7,1,14.3%,0,1,1,0,0
118,2020-07,2020-07-28,火,12,3,0,0.0%,0,1,0,1,0
119,2020-07,2020-07-29,水,6,2,0,0.0%,0,0,0,0,0
120,2020-06,2020-05-28,木,2,1,0,0.0%,0,0,0,0,0
121,2020-06,2020-05-29,金,42,8,4,50.0%,0,1,1,0,0
122,2020-06,2020-05-30,土,18,10,2,20.0%,0,1,1,0,0
123,2020-06,2020-05-31,日,2,1,1,100.0%,0,0,0,0,0
124,2020-06,2020-06-01,月,13,5,0,0.0%,0,0,0,0,0
125,2020-06,2020-06-02,火,2,0,0,-,0,0,0,0,0
126,2020-06,2020-06-03,水,5,3,0,0.0%,0,0,0,0,0
127,2020-06,2020-06-04,木,18,6,2,33.3%,0,0,0,0,0
128,2020-06,2020-06-05,金,16,3,3,100.0%,0,2,1,1,0
129,2020-06,2020-06-06,土,2,1,0,0.0%,0,0,0,0,0
130,2020-06,2020-06-07,日,9,4,0,0.0%,0,0,0,0,0
131,2020-06,2020-06-08,月,3,2,0,0.0%,0,0,0,0,0
132,2020-06,2020-06-09,火,0,0,0,-,0,0,0,0,0
133,2020-06,2020-06-10,水,12,4,1,25.0%,0,0,0,0,0
134,2020-06,2020-06-11,木,42,12,2,16.7%,0,2,2,0,0
135,2020-06,2020-06-12,金,3,1,0,0.0%,0,0,0,0,0
136,2020-06,2020-06-13,土,29,10,2,20.0%,0,1,0,1,0
137,2020-06,2020-06-14,日,14,6,0,0.0%,0,2,2,0,0
138,2020-06,2020-06-15,月,11,3,2,66.7%,0,1,1,0,0
139,2020-06,2020-06-16,火,6,3,0,0.0%,0,1,0,1,0
140,2020-06,2020-06-17,水,2,2,0,0.0%,0,0,0,0,0
141,2020-06,2020-06-18,木,0,0,0,-,0,0,0,0,0
142,2020-06,2020-06-19,金,12,4,0,0.0%,0,0,0,0,0
143,2020-06,2020-06-20,土,22,5,0,0.0%,0,0,0,0,0
144,2020-06,2020-06-21,日,4,2,0,0.0%,0,0,0,0,0
145,2020-06,2020-06-22,月,9,5,0,0.0%,0,0,0,0,0
146,2020-06,2020-06-23,火,3,1,0,0.0%,0,0,0,0,0
147,2020-06,2020-06-24,水,17,6,1,16.7%,0,0,0,0,0
148,2020-05,2020-04-23,木,27,8,1,12.5%,0,1,1,0,0
149,2020-05,2020-04-24,金,16,4,1,25.0%,0,0,0,0,0
150,2020-05,2020-04-25,土,4,1,0,0.0%,0,0,0,0,0
151,2020-05,2020-04-26,日,5,1,0,0.0%,0,0,0,0,0
152,2020-05,2020-04-27,月,10,4,0,0.0%,0,0,0,0,0
153,2020-05,2020-04-28,火,11,5,0,0.0%,0,0,0,0,0
154,2020-05,2020-04-29,水,7,2,1,50.0%,0,0,0,0,0
155,2020-05,2020-04-30,木,4,1,0,0.0%,0,0,0,0,0
156,2020-05,2020-05-01,金,5,2,0,0.0%,0,0,0,0,0
157,2020-05,2020-05-02,土,14,2,0,0.0%,0,0,0,0,0
158,2020-05,2020-05-03,日,1,1,0,0.0%,0,0,0,0,0
159,2020-05,2020-05-04,月,6,0,0,-,0,1,0,1,0
160,2020-05,2020-05-05,火,4,3,0,0.0%,0,0,0,0,0
161,2020-05,2020-05-06,水,17,4,0,0.0%,0,1,0,1,0
162,2020-05,2020-05-07,木,5,3,0,0.0%,0,0,0,0,0
163,2020-05,2020-05-08,金,0,0,0,-,0,0,0,0,0
164,2020-05,2020-05-09,土,9,2,0,0.0%,0,1,0,1,0
165,2020-05,2020-05-10,日,2,2,0,0.0%,0,0,0,0,0
166,2020-05,2020-05-11,月,6,2,0,0.0%,0,1,0,1,0
167,2020-05,2020-05-12,火,6,1,0,0.0%,0,0,0,0,0
168,2020-05,2020-05-13,水,11,2,0,0.0%,0,3,0,3,0
169,2020-05,2020-05-14,木,7,2,0,0.0%,0,0,0,0,0
170,2020-05,2020-05-15,金,5,3,0,0.0%,0,0,0,0,0
171,2020-05,2020-05-16,土,2,0,0,-,0,0,0,0,0
172,2020-05,2020-05-17,日,3,3,0,0.0%,0,0,0,0,0
173,2020-05,2020-05-18,月,2,1,0,0.0%,0,0,0,0,0
174,2020-05,2020-05-19,火,13,4,1,25.0%,0,0,0,0,0
175,2020-05,2020-05-20,水,28,6,2,33.3%,0,1,1,0,0
176,2020-05,2020-05-21,木,16,7,1,14.3%,0,1,1,0,0
177,2020-05,2020-05-22,金,17,8,2,25.0%,0,1,1,0,0
178,2020-05,2020-05-23,土,24,9,0,0.0%,0,0,0,0,0
179,2020-05,2020-05-24,日,9,3,0,0.0%,0,0,0,0,0
180,2020-05,2020-05-25,月,10,5,0,0.0%,0,1,1,0,0
181,2020-05,2020-05-26,火,0,0,0,-,0,0,0,0,0
182,2020-05,2020-05-27,水,3,2,0,0.0%,0,0,0,0,0
183,2020-04,2020-03-26,木,56,36,1,2.8%,0,0,0,0,0
184,2020-04,2020-03-27,金,120,36,6,16.7%,0,1,1,0,0
185,2020-04,2020-03-28,土,42,29,0,0.0%,0,1,0,1,0
186,2020-04,2020-03-29,日,59,26,9,34.6%,0,2,2,0,0
187,2020-04,2020-03-30,月,37,27,0,0.0%,0,0,0,0,0
188,2020-04,2020-03-31,火,14,12,0,0.0%,0,0,0,0,0
189,2020-04,2020-04-01,水,40,26,0,0.0%,0,0,0,0,0
190,2020-04,2020-04-02,木,49,29,5,17.2%,0,1,1,0,0
191,2020-04,2020-04-03,金,36,21,2,9.5%,0,1,1,0,0
192,2020-04,2020-04-04,土,32,22,0,0.0%,0,0,0,0,0
193,2020-04,2020-04-05,日,25,16,1,6.3%,0,0,0,0,0
194,2020-04,2020-04-06,月,25,21,1,4.8%,0,0,0,0,0
195,2020-04,2020-04-07,火,25,21,0,0.0%,0,0,0,0,0
196,2020-04,2020-04-08,水,55,24,1,4.2%,0,0,0,0,0
197,2020-04,2020-04-09,木,33,25,1,4.0%,0,0,0,0,0
198,2020-04,2020-04-10,金,34,13,1,7.7%,0,1,1,0,0
199,2020-04,2020-04-11,土,31,20,0,0.0%,0,0,0,0,0
200,2020-04,2020-04-12,日,22,16,0,0.0%,0,0,0,0,0
201,2020-04,2020-04-13,月,36,24,2,8.3%,0,0,0,0,0
202,2020-04,2020-04-14,火,27,23,0,0.0%,0,0,0,0,0
203,2020-04,2020-04-15,水,40,26,3,11.5%,0,0,0,0,0
204,2020-04,2020-04-16,木,17,14,0,0.0%,0,0,0,0,0
205,2020-04,2020-04-17,金,5,2,0,0.0%,0,0,0,0,0
206,2020-04,2020-04-18,土,8,4,0,0.0%,0,0,0,0,0
207,2020-04,2020-04-19,日,13,5,1,20.0%,0,0,0,0,0
208,2020-04,2020-04-20,月,5,1,0,0.0%,0,0,0,0,0
209,2020-04,2020-04-21,火,12,3,1,33.3%,0,0,0,0,0
210,2020-04,2020-04-22,水,17,6,0,0.0%,0,0,0,0,0
211,2020-03,2020-02-27,木,51,33,1,3.0%,0,1,1,0,0
212,2020-03,2020-02-28,金,114,65,2,3.1%,0,1,1,0,0
213,2020-03,2020-02-29,土,98,56,0,0.0%,0,0,0,0,0
214,2020-03,2020-03-01,日,48,34,0,0.0%,0,0,0,0,0
215,2020-03,2020-03-02,月,88,46,2,4.3%,0,0,0,0,0
216,2020-03,2020-03-03,火,86,57,1,1.8%,0,1,1,0,0
217,2020-03,2020-03-04,水,69,49,1,2.0%,0,1,1,0,0
218,2020-03,2020-03-05,木,56,34,1,2.9%,0,1,1,0,0
219,2020-03,2020-03-06,金,54,40,0,0.0%,0,1,1,0,0
220,2020-03,2020-03-07,土,76,42,0,0.0%,0,0,0,0,0
221,2020-03,2020-03-08,日,38,23,0,0.0%,0,0,0,0,0
222,2020-03,2020-03-09,月,45,31,0,0.0%,0,2,0,2,0
223,2020-03,2020-03-10,火,71,45,2,4.4%,0,1,1,0,0
224,2020-03,2020-03-11,水,74,43,3,7.0%,0,1,0,1,0
225,2020-03,2020-03-12,木,21,16,1,6.3%,0,0,0,0,0
226,2020-03,2020-03-13,金,33,16,1,6.3%,0,0,0,0,0
227,2020-03,2020-03-14,土,102,30,4,13.3%,0,2,0,2,0
228,2020-03,2020-03-15,日,63,30,1,3.3%,0,1,0,1,0
229,2020-03,2020-03-16,月,96,47,5,10.6%,0,0,0,0,0
230,2020-03,2020-03-17,火,77,36,5,13.9%,0,0,0,0,0
231,2020-03,2020-03-18,水,77,41,6,14.6%,0,1,1,0,0
232,2020-03,2020-03-19,木,72,44,2,4.5%,0,0,0,0,0
233,2020-03,2020-03-20,金,67,34,1,2.9%,0,2,0,2,0
234,2020-03,2020-03-21,土,120,53,1,1.9%,0,0,0,0,0
235,2020-03,2020-03-22,日,91,40,6,15.0%,0,1,1,0,0
236,2020-03,2020-03-23,月,98,52,5,9.6%,0,2,2,0,0
237,2020-03,2020-03-24,火,50,32,1,3.1%,0,1,1,0,0
238,2020-03,2020-03-25,水,61,36,2,5.6%,0,1,1,0,0
239,2020-02,2020-01-30,木,44,17,2,11.8%,0,2,1,1,0
240,2020-02,2020-01-31,金,74,36,1,2.8%,0,2,1,1,0
241,2020-02,2020-02-01,土,86,50,2,4.0%,0,1,1,0,0
242,2020-02,2020-02-02,日,49,30,3,10.0%,0,1,0,1,0
243,2020-02,2020-02-03,月,43,32,1,3.1%,0,0,0,0,0
244,2020-02,2020-02-04,火,50,34,0,0.0%,0,1,0,1,0
245,2020-02,2020-02-05,水,49,33,0,0.0%,0,1,0,1,0
246,2020-02,2020-02-06,木,116,66,1,1.5%,0,1,1,0,0
247,2020-02,2020-02-07,金,79,50,0,0.0%,0,1,1,0,0
248,2020-02,2020-02-08,土,111,54,8,14.8%,0,2,0,2,0
249,2020-02,2020-02-09,日,216,72,11,15.3%,0,4,3,1,0
250,2020-02,2020-02-10,月,114,58,4,6.9%,0,2,1,1,0
251,2020-02,2020-02-11,火,77,36,4,11.1%,0,2,1,1,0
252,2020-02,2020-02-12,水,83,36,3,8.3%,0,1,0,1,0
253,2020-02,2020-02-13,木,96,51,5,9.8%,0,1,1,0,0
254,2020-02,2020-02-14,金,92,53,1,1.9%,0,3,2,1,0
255,2020-02,2020-02-15,土,85,47,2,4.3%,0,2,2,0,0
256,2020-02,2020-02-16,日,46,27,1,3.7%,0,3,3,0,0
257,2020-02,2020-02-17,月,66,25,0,0.0%,0,4,2,2,0
258,2020-02,2020-02-18,火,47,27,0,0.0%,0,0,0,0,0
259,2020-02,2020-02-19,水,97,55,5,9.1%,0,2,1,1,0
260,2020-02,2020-02-20,木,136,59,3,5.1%,0,3,3,0,0
261,2020-02,2020-02-21,金,105,49,3,6.1%,0,0,0,0,0
262,2020-02,2020-02-22,土,93,50,0,0.0%,0,2,2,0,0
263,2020-02,2020-02-23,日,149,82,4,4.9%,0,4,4,0,0
264,2020-02,2020-02-24,月,59,41,1,2.4%,0,0,0,0,0
265,2020-02,2020-02-25,火,64,39,1,2.6%,0,0,0,0,0
266,2020-02,2020-02-26,水,66,37,0,0.0%,0,1,1,0,0
267,2019-12,2019-12-19,木,146,58,6,10.3%,0,3,2,1,0
268,2019-12,2019-12-20,金,67,24,3,12.5%,0,0,0,0,0
269,2019-12,2019-12-21,土,184,71,17,23.9%,0,1,1,0,0
270,2019-12,2019-12-22,日,72,34,1,2.9%,0,1,1,0,0
271,2019-12,2019-12-23,月,106,47,6,12.8%,0,1,1,0,0
272,2019-12,2019-12-24,火,57,27,3,11.1%,0,2,2,0,0
273,2019-12,2019-12-25,水,60,26,5,19.2%,0,1,0,1,0
274,2019-12,2019-12-26,木,54,23,3,13.0%,0,3,1,2,0
275,2019-12,2019-12-27,金,105,43,1,2.3%,1,1,1,0,0
276,2019-12,2019-12-28,土,99,36,10,27.8%,0,3,3,0,0
277,2019-12,2019-12-29,日,103,45,3,6.7%,0,2,2,0,0
278,2019-12,2019-12-30,月,56,19,2,10.5%,0,3,1,2,0
279,2019-12,2019-12-31,火,27,8,0,0.0%,0,0,0,0,0
280,2019-12,2020-01-01,水,30,10,0,0.0%,0,0,0,0,0
281,2019-12,2020-01-02,木,55,23,1,4.3%,0,2,1,1,0
282,2019-12,2020-01-03,金,112,32,4,12.5%,0,0,0,0,0
283,2019-12,2020-01-04,土,59,22,2,9.1%,0,0,0,0,0
284,2019-12,2020-01-05,日,52,22,0,0.0%,0,1,1,0,0
285,2019-12,2020-01-06,月,70,32,2,6.3%,0,2,2,0,0
286,2019-12,2020-01-07,火,13,10,0,0.0%,0,0,0,0,0
287,2019-12,2020-01-08,水,61,27,2,7.4%,0,1,1,0,0
288,2019-12,2020-01-09,木,58,24,1,4.2%,0,0,0,0,0
289,2019-12,2020-01-10,金,117,28,6,21.4%,0,3,1,2,0
290,2019-12,2020-01-11,土,83,30,2,6.7%,0,0,0,0,0
291,2019-12,2020-01-12,日,61,22,1,4.5%,0,2,0,2,0
292,2019-12,2020-01-13,月,61,24,1,4.2%,0,0,0,0,0
293,2019-12,2020-01-14,火,84,28,3,10.7%,0,0,0,0,0
294,2019-12,2020-01-15,水,122,40,12,30.0%,0,2,1,1,0
295,2019-12,2020-01-16,木,111,46,5,10.9%,0,2,1,1,0
296,2019-12,2020-01-17,金,79,31,4,12.9%,0,1,1,0,0
297,2019-12,2020-01-18,土,55,22,0,0.0%,0,0,0,0,0
298,2019-12,2020-01-19,日,94,22,1,4.5%,0,2,2,0,0
299,2019-12,2020-01-20,月,67,33,2,6.1%,0,2,2,0,0
300,2019-12,2020-01-21,火,38,19,4,21.1%,0,0,0,0,0
301,2019-12,2020-01-22,水,67,20,1,5.0%,0,1,1,0,0
302,2019-12,2020-01-23,木,95,37,11,29.7%,0,1,1,0,0
303,2019-12,2020-01-24,金,65,30,1,3.3%,0,2,2,0,0
304,2019-12,2020-01-25,土,142,51,10,19.6%,0,1,1,0,0
305,2019-12,2020-01-26,日,75,29,7,24.1%,0,1,1,0,0
306,2019-12,2020-01-27,月,23,12,0,0.0%,0,1,1,0,0
307,2019-12,2020-01-28,火,21,10,0,0.0%,0,0,0,0,0
308,2019-12,2020-01-29,水,96,28,3,10.7%,0,1,1,0,0
309,2019-12,2019-11-28,木,87,36,1,2.8%,0,1,1,0,0
310,2019-12,2019-11-29,金,113,53,2,3.8%,0,4,4,0,0
311,2019-12,2019-11-30,土,66,31,3,9.7%,0,1,1,0,0
312,2019-12,2019-12-01,日,80,36,1,2.8%,0,2,2,0,0
313,2019-12,2019-12-02,月,70,25,0,0.0%,0,1,0,1,0
314,2019-12,2019-12-03,火,58,28,0,0.0%,0,1,1,0,0
315,2019-12,2019-12-04,水,35,13,0,0.0%,0,0,0,0,0
316,2019-12,2019-12-05,木,96,34,6,17.6%,0,1,1,0,0
317,2019-12,2019-12-06,金,78,38,1,2.6%,0,1,1,0,0
318,2019-12,2019-12-07,土,90,40,5,12.5%,0,1,1,0,0
319,2019-12,2019-12-08,日,42,15,1,6.7%,0,2,1,1,0
320,2019-12,2019-12-09,月,49,23,1,4.3%,0,1,1,0,0
321,2019-12,2019-12-10,火,76,30,3,10.0%,0,0,0,0,0
322,2019-12,2019-12-11,水,93,47,1,2.1%,0,3,2,1,0
323,2019-12,2019-12-12,木,110,40,3,7.5%,0,3,2,1,0
324,2019-12,2019-12-13,金,77,35,0,0.0%,0,1,0,1,0
325,2019-12,2019-12-14,土,105,44,3,6.8%,0,2,2,0,0
326,2019-12,2019-12-15,日,83,34,1,2.9%,0,0,0,0,0
327,2019-12,2019-12-16,月,110,41,7,17.1%,0,2,2,0,0
328,2019-12,2019-12-17,火,34,20,0,0.0%,0,0,0,0,0
329,2019-12,2019-12-18,水,116,47,2,4.3%,0,2,2,0,0
330,2019-11,2019-10-24,木,54,25,5,20.0%,0,1,1,0,0
331,2019-11,2019-10-25,金,80,33,3,9.1%,0,3,2,1,0
332,2019-11,2019-10-26,土,68,21,0,0.0%,0,1,1,0,0
333,2019-11,2019-10-27,日,53,18,0,0.0%,0,2,0,2,0
334,2019-11,2019-10-28,月,31,15,2,13.3%,0,1,1,0,0
335,2019-11,2019-10-29,火,35,18,1,5.6%,0,1,1,0,0
336,2019-11,2019-10-30,水,47,27,1,3.7%,0,0,0,0,0
337,2019-11,2019-10-31,木,45,20,1,5.0%,0,0,0,0,0
338,2019-11,2019-11-01,金,45,20,2,10.0%,0,1,1,0,0
339,2019-11,2019-11-02,土,50,31,0,0.0%,0,1,0,1,0
340,2019-11,2019-11-03,日,42,22,1,4.5%,0,2,1,1,0
341,2019-11,2019-11-04,月,58,26,0,0.0%,0,1,1,0,0
342,2019-11,2019-11-05,火,61,28,5,17.9%,0,1,1,0,0
343,2019-11,2019-11-06,水,69,27,6,22.2%,0,2,1,1,0
344,2019-11,2019-11-07,木,46,20,1,5.0%,0,3,2,1,0
345,2019-11,2019-11-08,金,65,35,2,5.7%,0,0,0,0,0
346,2019-11,2019-11-09,土,51,21,2,9.5%,0,1,1,0,0
347,2019-11,2019-11-10,日,64,24,4,16.7%,0,1,1,0,0
348,2019-11,2019-11-11,月,72,32,3,9.4%,1,0,0,0,0
349,2019-11,2019-11-12,火,80,23,5,21.7%,0,1,1,0,0
350,2019-11,2019-11-13,水,84,37,2,5.4%,0,1,1,0,0
351,2019-11,2019-11-14,木,52,25,1,4.0%,0,0,0,0,0
352,2019-11,2019-11-15,金,42,23,1,4.3%,0,1,1,0,0
353,2019-11,2019-11-16,土,90,41,0,0.0%,0,0,0,0,0
354,2019-11,2019-11-17,日,28,10,6,60.0%,0,0,0,0,0
355,2019-11,2019-11-18,月,35,13,0,0.0%,0,1,1,0,0
356,2019-11,2019-11-19,火,69,32,1,3.1%,0,0,0,0,0
357,2019-11,2019-11-20,水,61,29,1,3.4%,0,0,0,0,0
358,2019-11,2019-11-21,木,38,22,1,4.5%,0,1,1,0,0
359,2019-11,2019-11-22,金,61,34,0,0.0%,0,0,0,0,0
360,2019-11,2019-11-23,土,126,65,4,6.2%,0,2,1,1,0
361,2019-11,2019-11-24,日,31,16,0,0.0%,0,0,0,0,0
362,2019-11,2019-11-25,月,123,45,7,15.6%,0,2,2,0,0
363,2019-11,2019-11-26,火,73,25,3,12.0%,0,0,0,0,0
364,2019-11,2019-11-27,水,77,28,3,10.7%,0,1,1,0,0
365,2019-10,2019-09-26,木,26,17,0,0.0%,0,0,0,0,0
366,2019-10,2019-09-27,金,69,21,4,19.0%,0,2,2,0,0
367,2019-10,2019-09-28,土,45,20,3,15.0%,0,1,1,0,0
368,2019-10,2019-09-29,日,40,24,0,0.0%,0,1,1,0,0
369,2019-10,2019-09-30,月,45,15,4,26.7%,0,1,0,1,0
370,2019-10,2019-10-01,火,48,17,3,17.6%,0,3,3,0,0
371,2019-10,2019-10-02,水,99,41,4,9.8%,0,0,0,0,0
372,2019-10,2019-10-03,木,48,25,3,12.0%,0,0,0,0,0
373,2019-10,2019-10-04,金,46,19,3,15.8%,0,1,1,0,0
374,2019-10,2019-10-05,土,33,12,0,0.0%,0,0,0,0,0
375,2019-10,2019-10-06,日,75,39,1,2.6%,0,2,1,1,0
376,2019-10,2019-10-07,月,38,20,1,5.0%,0,1,1,0,0
377,2019-10,2019-10-08,火,33,17,0,0.0%,0,0,0,0,0
378,2019-10,2019-10-09,水,82,31,4,12.9%,0,2,1,1,0
379,2019-10,2019-10-10,木,32,12,1,8.3%,0,2,0,2,0
380,2019-10,2019-10-11,金,42,19,0,0.0%,0,0,0,0,0
381,2019-10,2019-10-12,土,14,10,0,0.0%,0,0,0,0,0
382,2019-10,2019-10-13,日,73,30,3,10.0%,0,1,1,0,0
383,2019-10,2019-10-14,月,67,29,0,0.0%,0,0,0,0,0
384,2019-10,2019-10-15,火,28,12,1,8.3%,0,1,1,0,0
385,2019-10,2019-10-16,水,74,39,1,2.6%,0,1,1,0,0
386,2019-10,2019-10-17,木,80,32,5,15.6%,0,3,2,1,0
387,2019-10,2019-10-18,金,59,27,1,3.7%,0,1,1,0,0
388,2019-10,2019-10-19,土,107,44,13,29.5%,0,1,1,0,0
389,2019-10,2019-10-20,日,39,18,3,16.7%,0,1,1,0,0
390,2019-10,2019-10-21,月,43,17,1,5.9%,0,2,1,1,0
391,2019-10,2019-10-22,火,70,26,2,7.7%,0,0,0,0,0
392,2019-10,2019-10-23,水,31,16,0,0.0%,0,0,0,0,0
393,2019-09,2019-08-29,木,150,70,7,10.0%,1,1,1,0,0
394,2019-09,2019-08-30,金,55,32,0,0.0%,0,0,0,0,0
395,2019-09,2019-08-31,土,84,33,2,6.1%,0,2,2,0,0
396,2019-09,2019-09-01,日,56,25,1,4.0%,0,0,0,0,0
397,2019-09,2019-09-02,月,91,40,10,25.0%,0,1,1,0,0
398,2019-09,2019-09-03,火,65,36,0,0.0%,0,0,0,0,0
399,2019-09,2019-09-04,水,85,39,0,0.0%,0,1,1,0,0
400,2019-09,2019-09-05,木,77,36,3,8.3%,0,0,0,0,0
401,2019-09,2019-09-06,金,64,35,1,2.9%,0,1,1,0,0
402,2019-09,2019-09-07,土,64,30,0,0.0%,0,1,1,0,0
403,2019-09,2019-09-08,日,33,17,1,5.9%,0,0,0,0,0
404,2019-09,2019-09-09,月,24,9,0,0.0%,0,1,0,1,0
405,2019-09,2019-09-10,火,81,35,0,0.0%,0,1,0,1,0
406,2019-09,2019-09-11,水,37,17,1,5.9%,0,0,0,0,0
407,2019-09,2019-09-12,木,104,43,1,2.3%,0,1,0,1,0
408,2019-09,2019-09-13,金,84,40,4,10.0%,0,4,3,1,0
409,2019-09,2019-09-14,土,105,50,4,8.0%,0,1,1,0,0
410,2019-09,2019-09-15,日,75,27,0,0.0%,0,0,0,0,0
411,2019-09,2019-09-16,月,85,41,0,0.0%,0,0,0,0,0
412,2019-09,2019-09-17,火,56,31,0,0.0%,0,0,0,0,0
413,2019-09,2019-09-18,水,44,22,2,9.1%,0,0,0,0,0
414,2019-09,2019-09-19,木,38,18,2,11.1%,0,1,1,0,0
415,2019-09,2019-09-20,金,53,22,0,0.0%,0,1,0,1,0
416,2019-09,2019-09-21,土,74,37,3,8.1%,0,1,1,0,0
417,2019-09,2019-09-22,日,39,17,2,11.8%,0,3,3,0,0
418,2019-09,2019-09-23,月,39,16,1,6.3%,0,2,1,1,0
419,2019-09,2019-09-24,火,26,12,0,0.0%,0,0,0,0,0
420,2019-09,2019-09-25,水,67,25,3,12.0%,0,2,1,1,0
421,2019-08,2019-07-25,木,41,20,0,0.0%,0,1,0,1,0
422,2019-08,2019-07-26,金,88,36,1,2.8%,0,3,3,0,0
423,2019-08,2019-07-27,土,136,50,7,14.0%,0,1,1,0,0
424,2019-08,2019-07-28,日,75,36,2,5.6%,0,0,0,0,0
425,2019-08,2019-07-29,月,56,29,0,0.0%,0,1,1,0,0
426,2019-08,2019-07-30,火,62,36,0,0.0%,0,0,0,0,0
427,2019-08,2019-07-31,水,45,22,7,31.8%,0,1,1,0,0
428,2019-08,2019-08-01,木,47,22,0,0.0%,0,1,0,1,0
429,2019-08,2019-08-02,金,117,52,9,17.3%,0,2,2,0,0
430,2019-08,2019-08-03,土,56,29,2,6.9%,0,0,0,0,0
431,2019-08,2019-08-04,日,62,26,2,7.7%,0,1,1,0,0
432,2019-08,2019-08-05,月,74,34,3,8.8%,0,0,0,0,0
433,2019-08,2019-08-06,火,79,33,3,9.1%,0,2,2,0,0
434,2019-08,2019-08-07,水,95,41,2,4.9%,0,0,0,0,0
435,2019-08,2019-08-08,木,57,31,0,0.0%,0,0,0,0,0
436,2019-08,2019-08-09,金,149,32,24,75.0%,0,3,3,0,0
437,2019-08,2019-08-10,土,85,31,9,29.0%,0,0,0,0,0
438,2019-08,2019-08-11,日,67,25,7,28.0%,0,1,0,1,0
439,2019-08,2019-08-12,月,46,22,6,27.3%,0,1,1,0,0
440,2019-08,2019-08-13,火,69,30,5,16.7%,0,2,1,1,0
441,2019-08,2019-08-14,水,41,24,1,4.2%,0,0,0,0,0
442,2019-08,2019-08-15,木,45,19,0,0.0%,0,1,1,0,0
443,2019-08,2019-08-16,金,60,29,1,3.4%,0,0,0,0,0
444,2019-08,2019-08-17,土,90,33,5,15.2%,0,1,1,0,0
445,2019-08,2019-08-18,日,76,28,2,7.1%,0,1,1,0,0
446,2019-08,2019-08-19,月,37,17,1,5.9%,0,0,0,0,0
447,2019-08,2019-08-20,火,77,36,0,0.0%,0,1,1,0,0
448,2019-08,2019-08-21,水,70,33,3,9.1%,0,1,1,0,0
449,2019-08,2019-08-22,木,68,31,5,16.1%,0,0,0,0,0
450,2019-08,2019-08-23,金,49,25,0,0.0%,0,0,0,0,0
451,2019-08,2019-08-24,土,63,26,5,19.2%,0,1,1,0,0
452,2019-08,2019-08-25,日,103,46,1,2.2%,0,1,1,0,0
453,2019-08,2019-08-26,月,81,38,2,5.3%,0,1,1,0,0
454,2019-08,2019-08-27,火,73,40,1,2.5%,0,0,0,0,0
455,2019-08,2019-08-28,水,119,56,4,7.1%,0,1,1,0,0
456,2019-07,2019-06-27,木,76,34,1,2.9%,0,0,0,0,0
457,2019-07,2019-06-28,金,97,32,8,25.0%,0,1,1,0,0
458,2019-07,2019-06-29,土,90,38,6,15.8%,0,1,1,0,0
459,2019-07,2019-06-30,日,68,30,2,6.7%,0,2,2,0,0
460,2019-07,2019-07-01,月,63,24,4,16.7%,0,0,0,0,0
461,2019-07,2019-07-02,火,68,26,2,7.7%,0,0,0,0,0
462,2019-07,2019-07-03,水,77,30,4,13.3%,0,3,3,0,0
463,2019-07,2019-07-04,木,92,33,8,24.2%,0,1,1,0,0
464,2019-07,2019-07-05,金,93,34,6,17.6%,0,2,2,0,0
465,2019-07,2019-07-06,土,114,45,4,8.9%,0,2,2,0,0
466,2019-07,2019-07-07,日,59,28,0,0.0%,0,0,0,0,0
467,2019-07,2019-07-08,月,148,46,8,17.4%,0,3,3,0,0
468,2019-07,2019-07-09,火,135,49,5,10.2%,0,2,2,0,0
469,2019-07,2019-07-10,水,50,22,2,9.1%,0,0,0,0,0
470,2019-07,2019-07-11,木,84,29,8,27.6%,0,1,1,0,0
471,2019-07,2019-07-12,金,109,40,2,5.0%,0,1,0,1,0
472,2019-07,2019-07-13,土,74,29,3,10.3%,0,2,1,1,0
473,2019-07,2019-07-14,日,84,32,5,15.6%,0,0,0,0,0
474,2019-07,2019-07-15,月,51,22,1,4.5%,0,0,0,0,0
475,2019-07,2019-07-16,火,45,15,4,26.7%,0,1,0,1,0
476,2019-07,2019-07-17,水,116,44,4,9.1%,0,2,2,0,0
477,2019-07,2019-07-18,木,163,67,7,10.4%,0,3,3,0,0
478,2019-07,2019-07-19,金,79,46,1,2.2%,1,1,1,0,0
479,2019-07,2019-07-20,土,91,42,2,4.8%,0,1,1,0,0
480,2019-07,2019-07-21,日,71,26,7,26.9%,0,3,3,0,0
481,2019-07,2019-07-22,月,55,22,1,4.5%,0,0,0,0,0
482,2019-07,2019-07-23,火,35,20,0,0.0%,0,0,0,0,0
483,2019-07,2019-07-24,水,46,21,6,28.6%,0,1,1,0,0
484,2020-10,2020-10-22,木,45,14,1,7.1%,0,2,1,1,0
485,2020-10,2020-10-23,金,50,23,0,0.0%,0,1,1,0,0
486,2020-10,2020-10-24,土,71,36,1,2.8%,0,2,2,0,0
487,2020-10,2020-10-25,日,63,24,2,8.3%,0,1,1,0,0
488,2020-10,2020-10-26,月,46,15,0,0.0%,0,3,0,3,0
489,2020-10,2020-10-27,火,66,30,2,6.7%,0,3,3,0,0
490,2020-10,2020-10-28,水,27,16,1,6.3%,0,0,0,0,0